Id,KOValue,ENValue,TWValue,THValue
1,10새,$ex,8591,[GM]
2,10색,$hit,$,0rgasim
3,10섹,( . Y . ),【,0rgasims
4,10쉑,(.Y.),【系統】,0rgasm
5,10알,*damn,【國家】,0rgasms
6,10창,*dyke,【屏顯】,3jaculate
7,10챵,*fuck*,【私聊】,3jaculated
8,10팍,*shit*,】,3jaculates
9,10팔,*sucker,200萬,3jaculating
10,10펄,@$$,a$shole,3jaculatings
11,10할,@nal,admin,3jaculation
12,18넘,@nalhole,administrator,admin
13,18뇬,2girls1cup,aids,administrator
14,18늠,5h1t,alta,africoon
15,18새,5hit,as$hole,aids
16,18색,A$$,ASS,anal
17,18색끼,A$$whipe,asshole,analbleed
18,18샹놈,A$$wipe,av,analcavity
19,18샹늠,a_s_s,a級,analcrevass
20,18쉐키,a55,a漫,analfuck
21,1o새,AdolphHitler,a書,analingus
22,1o새끼,adultery,a片,analinvade
23,1o세,ADULTSEXSHOP,bastard,analjuice
24,1o세끼,adultsonly,bitch,analleakage
25,4kkasi,ADULTVIDEO,blow job,anallovin
26,4까시,ADULTZONE,bug,analmunch
27,bitch,afric00n,bug回報人員,analorafice
28,byuntae,africoon,butthead,analorgy
29,c8,aftercum,butthole,analpirate
30,ccibal,ahole,B央,analprobe
31,ccipal,aids,B央  ,analrape
32,ccival,aidsbearer,b樣,analsex
33,cibal,alphanigg,CEO,analspew
34,cipal,americ00n,cn,analspray
35,cival,americunt,com,analtail
36,Cybercrime,amerikkkan,dick,analtroop
37,c발,anal,erect,analungus
38,c부랄,analcumdrip,falundafa,analviolate
39,c팔,analdoctor,FM2,analwart
40,fuck,analpunisher,fuck,analwhore
41,fucker,angeladevi,ＦＵＣＫ,analzone
42,Fucking,angeldust,fuckyou,animalsex
43,fuckyou,annal,fuk,anus
44,gotdamn,annaslut,G M,arse
45,gotohell,anolinctus,game,arsebandit
46,g랄,antichrist,GameMaster,arsefuck
47,ho로쉐끼,anul,GＭ,arsephuck
48,jamji,anus,ｇm,arsephuk
49,ja위,aperape,ｇＭ,arsepiece
50,jiral,arschloch,G掰 ,arsestab
51,ji랄,arsehole,HK,arsewipe
52,kissmyass,aryan,http,asphinct
53,motherfucker,ash0le,h站,ass
54,nigimi,ash0les,JB,ass hole
55,penis,asholes,ｊｂ,ass lick
56,pennis,asiacarrera,JoyBomb,assbeat
57,pervert,assbandit,kiss my ass,assbite
58,phonesex,assbasher,K粉,assbiteme
59,playbog,asses,K藥,assblast
60,playbozi,assface,k仔,assboy
61,pleybog,assfucker,K他命,assbutt
62,pleyboy,ass-fucker,lager,assbyte
63,porner,assfukka,master,asscheek
64,porno,assh0le,net,asscheese
65,pthc,assh0lez,netmarble,assclown
66,sex,asshat,NT,asscock
67,sibal,asshole,ＮＴ,asscrack
68,sipal,assholes,orgasmus,asscream
69,siutty,assholz,PC蛋蛋,assenlarge
70,sival,asshunter,penis,assenmunch
71,si팔,asskiss,pig,asses
72,slutty,asslick,piss,assface
73,ssibal,assman,playboy,assfish
74,ssibbal,assmaster,PUSSY,assfuck
75,ssival,asspound,RMB,assfuk
76,suck,assram,ＲＭＢ,assfunk
77,sucks,assrammer,screw,assgoblin
78,yamad,assrape,sex,assgrab
79,zasal,asswhole,SGM,assh0le
80,ㄱㅅㄷ,asswipe,SHIT,assh0les
81,갈보,aurorasnow,ＳＨＩＴ,asshair
82,강간,azzhole,sm,asshead
83,개가튼,b!+ch,snk.ni8.net,assho
84,개갈보,b!nl@den,SUCK,asshoe
85,개같은,b!tch,surpervisor,asshol
86,개걸레,b00b*,taobao.com,asshold
87,개넘,b00bs,tmd,asshole
88,개년,b17ch,TWD,assholes
89,개논,b1tch,ＴＷＤ,assinahole
90,개놈,ballsack,T幣,assjuice
91,개뇬,bassterds,uk,assk!sser
92,개뇽,bastardz,unionnet,asskick
93,개눔,basterds,USD,asskickboy
94,개늠,basterdz,ＵＳＤ,asskikr
95,개늠아,BDSM,vagina,asskisser
96,개병신,Be@n B@nd!t,vail,assl!ck
97,개보쥐,Be@n B@ndit,ＶＡＩＬ,asslessone
98,개보지,beaner,vip,asslick
99,개뵹신,beanlicker,www,asslip
100,개부랄,beastiality,YOUXIKA,asslord
101,개불랄,beavereater,ㄇㄉ  ,assman
102,개불알,bestiality,ㄊㄇㄉ,assmast
103,개붕알,bi+ch,ㄊㄋㄋㄉ,assmeat
104,개새,bi7ch,ㄍㄢˋ,assmilk
105,개새끼,biatch,ㄎㄠˋ,assmine
106,개색,bigfatasscow,ㄐ掰,assmite
107,개생퀴,bigtits,ㄐ一ㄢˋ,assmoankey
108,개샠,bigtitties,ㄐ巴,assmong
109,개샤끼,BIMBO,ㄐ八,assmonk
110,개세,binladen,ㄙㄞ你公,assmonkey
111,개세이,BINYA,ㄙㄞ你娘,assmunch
112,개섹,biotch,ㄙㄞ你老母,assowipo
113,개쇄,bitch,ㄙㄞ你老師,assowippo
114,개쇅,bitch*,ㄙㄞ你母,assown
115,개쉐,bitcher,ㄙㄞ你爸,asspack
116,개쉑,bitchers,可待因,asspeddle
117,개쉬바,bitches,可因,assphinct
118,개쉬발,bitchface,可卡葉,assphuck
119,개쉬벌,BitchFaces,可卡因,asspiece
120,개시끼,bitchin,瘸腿幫,asspirate
121,개시바,bitching,假幣,assplug
122,개시발,blackanese,腳本,asspoop
123,개시키,blackenstein,姦,assram
124,개십,blackie,幹,assrape
125,개십새,blacksabbath,硍,assream
126,개십세,blaxican,幹GM,assrip
127,개쌍넘,bloodyhell,幹x,assrob
128,개쌍년,blowjob,幹ㄉ你哇哇叫  ,asstab
129,개쌍놈,blowjob*,幹幹,asstang
130,개쌍뇬,blueball,幹幹叫,asstheif
131,개쌔,bollock,幹幹譙,asstink
132,개쌕기,bollock*,幹雞,asstomp
133,개썌끼,bollocks,幹機,assuck
134,개쎄끼야,bollok,干機掰,assw!pe
135,개쒜리,boner,幹女人猛射精  ,asswack
136,개쓉,boners,奸你,asswater
137,개쓰래기,boob,幹尼,assweed
138,개쓰레기,boob*,幹你,asswhipe
139,개쓰레기잡놈,BOOBIES,幹妳,asswhole
140,개씁,boobs,幹您,asswhop
141,개씨바,boofer,干你娘,asswhore
142,개씨발,booobs,干妳娘,asswip3
143,개씨블,boooobs,干您娘,asswipe
144,개씨뻘,booooobs,幹你娘,asswoop
145,개씨펄,booooooobs,幹妳娘,assylip
146,개씹,bootylicious,幹你娘雞巴毛  ,assynip
147,개씹세,bukake,幹你娘大懶巴,assyniple
148,개자석,bukakke,幹你娘大懶趴  ,asszila
149,개자쉭,bukkake,幹尼娘勒,azzez
150,개자슥,bullshirt,幹你娘臭雞掰,b i t c h
151,개자식,bumsnudel,干你良,b it ch
152,개자씩,burntheblks,干你老母,b itc h
153,개자쥐,burnthejews,干妳老母,b!tch
154,개자지,bustanut,幹你老母,b!tch!n
155,개잡년,bustydusty,幹妳老母,b!tcher
156,개잡놈,butplugg,干你馬,b!tchers
157,개잡지랄,buttbang,干你媽,b!tchez
158,개젓가튼넘,buttboy,干妳馬,b!tchin
159,개젗,buttfloss,干妳媽,b!tching
160,개졋,buttfucker,幹你媽,b0nehead
161,개졎,butthead,幹妳媽,b0ner
162,개조옷,butthhead,幹你媽b,b3eastiality
163,개좃,butthole,幹你媽逼,b3stial
164,개좆,buttlick,幹你祖宗,badass
165,개좇,buttman,幹到,balls
166,개죷,buttmonkey,幹啦,ballz
167,개지랄,buttmuch,幹拎娘,bandit
168,개호러,buttmunch,趕羚羊,bastard
169,걔잡년,Buttmuncher,幹勒,basterd
170,걔잡지랄,buttnugget,幹哩娘操機歪  ,bastid
171,거기나빨아랑,buttocks,幹林,beast!al
172,걸래가튼뇬,buttpirate,姦夫淫婦,beast!ality
173,걸래같은년,butt-pirate,幹死,beastial
174,걸래년,buttplug,干死CS,beastiality
175,게가튼,buttplugs,干死GM,beastility
176,게같은,buttslam,干死客服,beav3er
177,게넘,buttstain,干死你,best!al
178,게년,buttwipe,幹死你,bestial
179,게뇬,c()()n,奸殺,bestiality
180,게눔,c00n,幹我,bi t ch
181,게늠,c0ck,幹我要射了,biach
182,게늠아,c0ck*,幹汝,biatch
183,게보쥐,c0cks,奸淫,bicht
184,게보지,c0cksucker,姦淫  ,bigass
185,게부럴,c0k,奸一奸,bigassball
186,게새기,cabron,幹一干,bigasslip
187,게새끼,callgirl,幹入,bigbooty
188,게색,cameljockey,奸她,bigbutthole
189,게세,cameltoe,幹她,bigcock
190,게섹,candyandes,幹她媽,bigdick
191,게쉐리,cannabis,幹的你挖挖叫  ,bigdik
192,게쉐이,carpetmuncher,幹的你好爽,bigfatass
193,게쉑,CARPORNO,幹譙,bigfuk
194,게쉬키,CARSEX,干七八,biggay
195,게시끼,caucazoid,幹七八,biggaykill
196,게쎄기,cawk,奸他,biggayman
197,게쎄끼,cawks,幹他,biggaypeck
198,게자쉭,cazzo,幹它,biggusdikus
199,게자슥,ch!ngch0ng,幹牠,bigho
200,게자식,ch!nk,幹他媽,bighoe
201,게자쥐,cheapwhore,幹炮,bigjuicynut
202,게자지,cherry boy,奸暴,biglesbian
203,게젓,cherry_boy,幹爆,bignigger
204,게좆,cherryboy,幹呼你勇,bignut
205,게지뢀,Chigger,幹齁你爽,bignutsack
206,경상도,chinaman,強姦,bigoldick
207,계색갸,chinawhite,強姦你,bigschlong
208,계세키,chink,強姦犯,bigslut
209,고무현,chinko,強殲,bigtits
210,굿보지,chinks,江豬媳,bigwang
211,궤색,choad,僵賊,biotch
212,궤섹,chokeoncocks,強暴,bit.ch
213,궤시끼,christilake,強效失意藥,bitc h
214,궤자지,circlejerk,開苞,bitch
215,근친상간,circumcise,客服,bitchass
216,깨쌔끼,cl1t,去你媽,bitcher
217,꼴리다,clirotis,去妳媽,bitchers
218,ㄴㅁ,clit,去您媽,bitches
219,남창,clitoris,去你媽的,bitchfuck
220,내꺼빨아,clits,去你的,bitchin
221,내꺼핧아,clowjob,去妳的,bitching
222,내미랄,cnts,去死吧,bitchqueen
223,내버지,cntz,去祂媽,bitchslap
224,내씨발,cnut,去她媽,bitchwhore
225,내자지,cocaina,去他媽,bitemyass
226,내잠지,cocaine,去它媽,bitemyprick
227,내조지,coccaine,去牠媽,biyotch
228,너거애비,cock,乾爽,bl0wj0bs
229,너거어마이,cock*,激情小電影,bl0wjob
230,너그어미,cockface,激情電影,bl0wjobs
231,노무,cockhead,硬挺,bl0wme
232,노알라,cock-head,慶紅,blow job
233,뉘귀미,cockmunch,莖侯,blowj0b
234,뉘긔미,cockmuncher,雞奸,blowjob
235,뉘기뮈,cocks,雞姦,blowjobs
236,뉘기미,cocksuck*,雞雞,blowjobz
237,뉘김,cocksucked,雞雞在癢,blowm3
238,뉘뮈,cocksucker,雞雞好癢 ,bltch
239,뉘미,cock-sucker,雞賣  ,bonehead
240,뉘미랄,cocksucking,雞麥,boner
241,뉘미럴,cocksucks,雞麥  ,bonerz
242,뉘미룰,cocksuka,雞掰,br0wn3y3
243,뉘미쉬벌,cocksukka,雞歪,br0wneye
244,뉘이미,cocostarfish,系統,br0wntown
245,뉭기리,coitus,系統公告,brown eye
246,뉭기미,cojones,系統訊息,brown3y3
247,느그애미,cokmuncher,雞巴,browneye
248,느그애비,coksucka,雞芭,browntown
249,느그엄마,condom,雞吧,bucket cunt
250,느그에미,coochie,雞疤,budsob
251,느그에비,cootch,雞巴爛,budsop
252,늬귀미,cooter,雞巴濫,bull shit
253,늬긔믜,cooze,雞巴郎做雞巴代,bullsh!t
254,늬긔미,coprophagy,雞巴毛,bullshit
255,늬기뮈,copulate,雞巴在癢,bumfuck
256,늬기미,cornhole,雞八,bumhole
257,늬믜,cornholes,雞叭,bung hole
258,늬미,COSEX,尻,bungh0le
259,늬음마,cracka,睾,butch
260,닁기미,crackdealer,古柯鹼,butt
261,닁김,cracker,靠你媽,butt breath
262,니귀뮈,crackerass,高麗棒子,butt fucker
263,니귀미,crackhead,靠母,butt hair
264,니그으미,crackpipe,靠杯,buttbandit
265,니긔미,cracksmoker,靠背,buttbang
266,니기뮈,creamtits,靠北,buttblister
267,니기믜,Creem,靠妖,buttboink
268,니기미,crystalmeth,靠腰,buttboy
269,니매랄,cullons,靠么,buttbrain
270,니매럴,cumboy,靠妖  ,buttbreath
271,니머럴,cumbubble,高自聯,buttburgelor
272,니뭬랄,cumbucket,高潮,buttburglar
273,니뭬럴,cumcatcher,高治聯,buttburglor
274,니뮈,Cumdump,靠爸,buttbut
275,니뮈쒸발,cumdumpster,睾丸,buttcheek
276,니미,cumeater,哭媽逼,buttcheese
277,니미밑구녕,cumguz,哭夭,buttcrack
278,니미쉬벌,cummer,哭爸,buttcrap
279,니미쒸발,cumming,公告,buttcrust
280,니미쒸블,cumonmyface,共狗,buttfac3
281,니미좃,cums,贛你娘,buttface
282,니밀할,cumshooter,贛您娘,buttfart
283,니보지,cumshot,灨你娘,buttfloss
284,니보지구멍,cumslot,共匪,buttfuc
285,니뽕좃이다,cumstain,戈揚,buttfuck
286,니아범,cumtaster,管理員,buttfuck3r
287,니애미,cunilingus,管理者,buttfucker
288,니애비,cunillingus,官方,buttfugly
289,니어미,cunnilingus,關卓中,buttfuk
290,니어미배째,cunninlingus,狂幹,buttfuz
291,니엄마,Cunnnnt,廣聞,buttgoblin
292,니에미,cunnnt,狂操,buttgrease
293,니에비,cunnter,狂操你全家,buttguy
294,니이미,cunny,掛機,butth0le
295,니자지,cunt,姣西,butth3ad
296,니조개,cunt*,鳩,buttha1r
297,니조게,cuntlick,狗b,butthair
298,니조지다,cuntlicker,狗幹,butthead
299,니좃,cuntlicking,龜公,butthole
300,니좃대로,cunts,口交,buttholio
301,니죠때,cuntz,口交靠,butthymen
302,니할애비,cyberfuc,口交射臉上,buttitch
303,님이럴,cyberfuck,狗娘,buttjuice
304,닝기리,cyberfucked,狗娘養的,buttkice
305,닝기미,cyberfucker,龜頭,buttkick
306,닝기미씹,cyberfuckers,狗卵,buttkik
307,닝기미좃,cyberfucking,狗卵子,buttkiss
308,다무러라,d!ck,狗屁,buttknock
309,닥대가리,d!cksucker,龜孫子,buttlick
310,닥대갈,d1ck,狗屎,buttliquor
311,닥대구빡,d4mn,龜兒子,buttlord
312,닭대가리,dammit,狗養,buttlove
313,닭대갈,damn,狗養的,buttluv
314,닭데갈,damned,狗日靠,buttman
315,닭뒈가리,DAMOIMSEX,狗操,buttmonkey
316,닭쳐,dank,狗操賣逼,buttmunch
317,닳은년,dankhoe,群奸,buttnaked
318,대가뤼,danknugg,群交,buttnugget
319,대갈,darkwanker,軍妓,buttnut
320,대갈빡,darky,群射,buttp1cker
321,대갈통,deancoulter,窮逼,buttpick
322,대저라,debidiamond,捲毛捲雞掰,buttpick3r
323,대져,defecat,跪,buttpicker
324,대주까,derneger,叫雞,buttpirate
325,대줄께,dich,叫屁   ,buttplug
326,대줄년,dichwad,叫床,buttpoop
327,대질래,dick,叫小姐,buttrape
328,대질레,dick*,叫淫  ,buttsex
329,댁빠리,dickhead,叫春  ,buttslam
330,덜은새끼,Dickhole,妓,buttslut
331,덩쉰,dickholster,幾8  ,buttsmack
332,덩신,dike,機機歪歪,buttsniff
333,데가뤼,dike*,妓女,buttstain
334,데가리,dikes,騎女人狂射精,buttsuck
335,데갈,dild0,騎女人狂射精  ,buttwhore
336,데갈텅,dild0s,騎你,buttwipe
337,데갈통,dildo,機掰,c00ter
338,데구빡,DildoMonster,機歪,c0bia
339,데저라,dildos,妓院,c0ck
340,데져,dilld0,騎她,c0cks
341,데져라,dilld0s,起秋,c0cksuck
342,데질레,dimebag,騎他,c0cksucked
343,돈년,dink,機巴,c0cksucker
344,돈새끼,dirtaysanchez,機八,c0cksucking
345,돌겡이,dirttysanchez,機叭,c0cksucks
346,돌림빵,dirtyho,金吉擺,c1rclejerk
347,돌마니,dirtysanchez,金幣,cameljockey
348,돌은넘,ditavontease,捏爆你的奶,castrate
349,돌은년,dlck,娘的,ch1nk
350,돌은새끼,dog-fucker,奶娘,cherrypop
351,돼가리,doggystyle,奶奶的,chinesewhore
352,되질래,dollybuster,奶頭  ,chink
353,둇같은,dominatricks,內射,chinkill
354,뒈가리,dominatrics,奶西,chinkslope
355,뒈져,dominatrix,奶子,chinksrgay
356,뒈져라,donkeypunch,女乃,chinkssuck
357,뒈진다,donkeyribber,女昌,chr1st
358,뒈질,doosh,腦殘,christ
359,뒈질래,dopecheffe,嫩b,circle jerk
360,뒈질레,dumbass,你娘,cl1t
361,뒤싸질놈,dunecoon,你娘雞掰,clam
362,뒤여질놈,dyck,你娘咧,clit
363,뒤저라,dyckwad,你娘卡好,clit0ris
364,뒤져,dyke,妳娘的,clitlick
365,뒤짐,ejackulate,你大爺,clitoral
366,드러운뇬,ejaculate,妳老母的,clitorious
367,등쉰,ejaculated,你媽,clitoris
368,등시,ejaculates,你媽了妹,cobia
369,등신,ejaculating,你馬的,cock
370,듸랄,ejaculatings,你媽的,cockandball
371,듸져,ejaculation,妳馬的,cockbite
372,디랄,ejakulate,妳媽的,cockboy
373,디람,enema,你媽逼,cockface
374,디럴,erection,您母卡好,cockhead
375,디저라,erotic,您杯卡好,cocklick
376,디져,escroto,你是雞,cocknball
377,디져라,esperm,你是鴨,cocks
378,디진다,euthanasie,你她馬的,cocksmoke
379,디질껴,extasy,你他媽的,cocksniff
380,디질래,F U C K,你爸,cocksuck
381,디질레,f u c k y o u,蛋蛋,cocksucked
382,따먹어,f_u_c_k,大b,cocksucker
383,따무라,F0CK,大莖,cocksucking
384,따묵기,F0urskin,大雞掰,cocksucks
385,딸녀,f4nny,大雞巴,cocktease
386,딸따뤼,facial,大懶啪,coksuck
387,딸따리,facism,大懶巴,condomeat
388,딸순이,fack,大懶趴,condomlick
389,딸치냐,faen,代練,condommunch
390,떠라이,fag,大麻,condomsniff
391,떡걸,fag*,大麻樹脂,coochie
392,떡촌,fag1t,大麻油,coonfuck
393,떡치기,faget,臺灣狗,cooter
394,떨겡이,fagg1t,大變,crackwhore
395,떨마니,fagging,大比,crap
396,떨아이,faggit,大便,crazychink
397,띠부랄,faggitt,臺幣,crazyjap
398,띠불,faggot,大逼,creamycunt
399,룸섹스,faggs,大血比,creamyknick
400,리타,fagit,大花逼,creamypant
401,ㅁㅈㅎ,fagot,淘寶,crotchsniff
402,막간년,fagots,盜竊犯,crotchwatch
403,막대쑤셔줘,fags,東亞病夫,cuckmysock
404,막대핧아줘,fagz,杜冷丁,cumbubble
405,말버지,faig,懶8,cumbucket
406,말좆,faigs,懶教,cumburp
407,맛간년,fakeboobs,懶叫,cumgargle
408,맛없는년,fannyflaps,懶啪  ,cumguzzle
409,맛이간년,fannyfucker,懶趴,cumindabum
410,매춘,Fapchug,懶巴  ,cumlick
411,매친뇬,FapFapFap,喇叭,cumm!ng
412,멍청한년,FapFapFapFap,懶八,cumm3r
413,메갈,Fapper,爛B,cummbubble
414,메갈리아,Fappmachine,亂交,cummer
415,메친,FappMunch,亂倫,cumming
416,메틴넘,fatass,爛比,cumofsomeguy
417,몸파는,fawk,爛屄,cumonme
418,몸파라,fawker,爛鳥,cumonmytummy
419,뮈칀세끼,FCK,爛屌,cumonu
420,뮈칀세리,FCKER,爛逼,cumquat
421,뮈칀세이,FCKR,爛貨,cums
422,뮈칀섹끼,FCKU,濫交,cumsalot
423,뮈친세리,fcuk,覽叫,cumsh0t
424,뮈친세이,fcuker,拉K,cumshot
425,뮈친섹끼,fcuking,浪叫,cumslut
426,뮈친쉑이,FEALLATIO,來幹,cumstain
427,미씨촌,feces,來幹一炮,cumswallow
428,미이친뇬,feck,來插我,cumz
429,미췬,fecker,來爽我,cun1lingus
430,미췬세끼,felatio,老雞排,cun1llingus
431,미칀,felch,露兩點,cunalingus
432,미친개새끼,felcher,老母,cungalingus
433,미친개색기,felching,老毛子,cunilingus
434,미친개쉑,fellate,露三點,cunillingus
435,미친년,fellatio,老二,cunn1lingus
436,미친놈,feltch,露一點,cunnilingus
437,미친뇬,FEMSUB,老逼,cunningilus
438,미친싸앙년,fetish,輪奸,cunny
439,미친싸앙놈,FETISHWOMAN,輪姦,cunt
440,미친쌍농,fetus,輪幹,cuntface
441,미친쌍뇽,filthymuslim,輪流幹,cunthead
442,미친썅년,fingerbang,輪盤賭,cuntl1ck
443,미친썅놈,fingerfuck,淋病,cuntl1cker
444,미친쓰레기,fingerfucked,媽B,cuntl1cking
445,미친씨발,fingerfucker,媽個,cuntlick
446,미친씹쌔,fingerfuckers,媽個B,cuntlicker
447,미친씹쌔끼,fingerfucking,媽你個B ,cuntlicking
448,미친씹쎄끼,fingerfucks,媽你個逼 ,cuntlip
449,미친좃대가리,fistfuck,媽你的B,cunts
450,미칭논아,fistfucked,媽你的b ,cuntt
451,미튄,fistfucker,媽你的逼,cuntylip
452,미티넘,fistfuckers,媽媽的,cuntz
453,미틴,fistfucking,馬賣馬屁,cyb3erfucked
454,민주화,fistfuckings,媽賣媽屁,cyb3rfuc
455,밑구녕,fistfucks,媽批,cyb3rfuck
456,밑구멍,fisting,媽比,cyb3rfucker
457,바근가시네,fluffer,碼的,cyb3rfuckers
458,백보지,focker,馬的,cyb3rfucking
459,뱅신,fockerz,媽的,cyberfuc
460,뱅신시키,fook,媽的B,cyberfuck
461,버쥐,fooker,麻醉乙醚,cyberfucked
462,버즤,foreplay,媽逼,cyberfucker
463,버지물,foreskin,媽逼靠,cyberfuckers
464,버짓물,fornicat,網管,cyberfucking
465,벙섹,fostersmunch,網石,cyberfuckz
466,벵신,fu c k,網石棒辣椒,d0ng
467,벼엉시나,fu c k y o u,網愛,d0uchebag
468,벼엉시이,fu(*,賣B,d1ck
469,벼엉신,fuck,賣ID,d1inks
470,벼잉신,Fuck Head,賣QQ,d1ke
471,병닥,Fuck Off,賣橘子,d1ldo
472,병딱,fuck u,梅毒,d1ldos
473,병쉬,Fuck You,買賣槍支,d1nk
474,병쉰,fucka,賣比,d1pshit
475,병싀,fucked,賣軟體,dad u die
476,병싄아,fucker,賣淫,dad you dead
477,병시,fuckers,賣卡,dago
478,병신새,FUCKFACE,賣帳號,damn
479,병신쉐리,fuckhead,買點數,dasskick
480,병신쉐이,fuckheads,賣點數,dicckweed
481,병어신,fuckin,買點卡,dicface
482,병엉신,fucking,賣點卡,dichead
483,보뒤,Fucking Asshole,賣逼,dick
484,보랄,Fucking Bastard,賣號,dickbrain
485,보럴,fuckings,賣號靠,dickhead
486,보슬아치,fuckingshitmotherfucker,猛插,dicklick
487,보오지,fuckme,綿恒,dickwad
488,보쥐,FUCKR,摸咪咪,dickweed
489,보쥐털,fucks,沒屁眼,dicwad
490,보즤,FucktheHo,夢遺,dike
491,보지구녕,fucku,蒙塵藥,dildo
492,보지뇬,FUCKUP,無能,dildos
493,보짓년,fuckwhit,無恥,dink
494,보짓물,fuckwit,無恥之徒,dinks
495,보짖물,Fuckyou,迷奸,dipshit
496,보털,fuck-you,迷奸藥,dlldo
497,봇털,fudgepacker,美女視頻,doggystyle
498,봉신,fuk,迷殲藥,dong
499,뵝신,fuk*,迷藥,dorr
500,뵹신,fukah,迷魂藥,douche bag
501,부뢀,fukass,迷幻藥,douchebag
502,부카케,fuken,密穴,dumazz
503,불알,fuker,發q,dumbass
504,붕뛴,fukin,勃起,dumbazz
505,붕싄,fuking,發騷,dyke
506,붕신,fukk,幫我吹喇叭,e- doog
507,뷔웅신,fukkah,扒光,e hia
508,뷩세,fukken,白老鼠,e hoy
509,뷩쉬,fukker,白目,e na dan
510,뷩쉰,fukkin,白粉,e sud
511,뷩싄,fuks,白癡,e wain
512,뷩시,fukwhit,法克,e wane
513,뷩신,fukwit,變態,e wen
514,븅따,fusck,鴇,e.dog
515,븅딱,fux,保險套,e-dog
516,븅새끼,fux0r,棒辣椒,edok
517,븅쉰,g00c,仆街,ejaculate
518,븅시나,g00k,阝月,ejaculated
519,븅신,g0oc,北加,ejaculates
520,브라알,g0ok,北爛,ejaculati0n
521,브랄,GAGASEXY,北七,ejaculating
522,블알,gagepowers,噴尿,ejaculatings
523,븡딱,GAJASEX,噴你,ejaculation
524,븡신,gangbang,笨屄,F A C K
525,븡알,gangbanged,噴精,F U C K
526,븨융신,gangbangs,噴精在臉上,F U C K - Y O U
527,빙쉰,gangrape,笨逼,F u c k U
528,빙신쉐리,GANGSHAQ,妣,f u c k y o u
529,빙신쉐이,ganja,屄,F U C K YOU
530,빙신아,gay,屄毛,f u ck
531,빠구뤼,gayboy,肥西,f uck
532,빠구리,gaygirl,屁眼,f uu c k
533,빠꾸뤼,gaylord,賓周,f v c k
534,빠꾸리,gayoverlord,冰毒,f!stfucks
535,빡순이,gaysex,私/服,f*ck
536,빡촌,gayz,傻B,f*u*c*k
537,빡통,genital,死GM,f..u....c.....k
538,빨자좃,GENITALIA,死JB,f..u..c..k..
539,빽보지,genitals,駛你公,f..u.c.k
540,빽자지,genocide,駛你娘,F.U.C.K
541,뻐뀨,ginawild,駛你老母,f.u.c.k.
542,뻐르나,gingerhill,駛你老師,f.u.c.k.y.o.u.
543,뻐르너,gizzing,駛你母,f.uck
544,뻐르노,GLORY HOLE,駛你爸,F_U_C_K_U
545,뻐큐,gloryhole,師濤,f+u+c+k
546,뻐킹,go0c,死白  ,f1ngerfuck
547,뻑뀨,go0K,私服,f1ngerfucked
548,뻑유,Goatbanger,私-服,f1ngerfuckz
549,뻑큐,goatse,私—服,f1stficking
550,뻨유,god damn,伺服器,f1stfuck
551,뻨큐,GODAMMET,傻比,f1stfucked
552,뽀로노,GODAMMIT,傻屄,f1stfucker
553,뽀르나,GODDAMMET,傻子,f1stfuckers
554,뽀르너,GODDAMMIT,死全家,f1stfuckings
555,뽀르노,goddamn,射精,f1stfuckz
556,뽀쥐,goebbels,私處,fag0t
557,뽀쥐털,gofukyorself,死破麻,fag0ts
558,뽀즤,GOJASEX,傻逼,fag0tz
559,뽀지,goldenshower,三個代婊,fagg0t
560,뽁큐,gooc,三個呆婊,fagg1ng
561,뽈로노,gooch,三去車侖,fagg1t
562,뿌랄,goochgravy,三級片,fagg3t
563,뿌럴,gook,三陪,fagget
564,뿔알,gookenator,三陪女,fagging
565,뿡알,gspot,三唑,faggit
566,쁑신,gutterslut,三唑侖,faggot
567,삐꾸,h!tl3r,三八雞,faggs
568,삥신,h!tler,三八機,faggz
569,사kkasi,h00r,三浦愛佳,fagot
570,사까쉬,h0ar,插GM,fagots
571,사까시,h0m0,插你,fags
572,사까치,h0r,插妳,fagz
573,사앙녀,h0re,插你媽,fannybatter
574,사창가,h4x0r,插死你,fannycream
575,사카시,hach[ií]s,插插,fannyfart
576,사카씨,"Hair Pie,",插深些,fannyhair
577,삭바가지,hairyhorny,插我,fannyjuice
578,삭박아지,handjob,插她,fart
579,산업화,hardboob,插他,fart1ng
580,삿깟시,HARDCORE,上你,fart1ngs
581,상놈쉑,HARDCOREPORNO,上妳,fart3d
582,상뇬,hardcoresex,爽你,farted
583,상늠,heidifleiss,想上你,farting
584,상늠쉑,Heilhitler,商城幣,fartings
585,새꺄,hentai,塞你公,fartingz
586,새대가리,hentail,塞你娘,farts
587,새대갈,hero[ií]na,賽你娘,farty
588,새대구빡,Heroinuser,賽妳娘,fartz
589,새데가리,herpies,塞你娘卡好,fatass
590,새데갈,Hetero,塞你老母,fatazz
591,새데구빡,Heterosexual,賽你老母,father dead
592,새킈,himen,賽你老北,father die
593,새키,hitler,塞你老師,father ming daed ror
594,색긔,HitlerAdolph,賽你老師,father u dead
595,색뀌,holocaust,塞你母,father u die
596,색끼,holybijesis,賽你母,father u died
597,색녀,holywanker,賽妳阿母,father you dead
598,색수,homo,塞你爸,father you died
599,색스,homoerectus,賽你爸,father your dead
600,색쑤,homos,賽她娘,fatherdie
601,색쓰,Homosexual,賽他娘,fats0
602,샙때끼,hoodrat,色友,fatso
603,샤앙녀,HOOKER,色情,fecalhead
604,샤앙놈,horney,色情靠,felacio
605,샹년,horniest,色情網站,felati0
606,샹노마,horny,色情服務,felatio
607,샹논,hornytauren,色情小電影,fellati0
608,샹놈,HOTBOJY,色情電影,fellatio
609,샹놈의새끼,hotcarl,生殖器,fiestamoney
610,샹놈의새리,hotdamn,生兒子沒屁眼  ,fingerfuck
611,샹놈의쌔리,hotsex,生鴉片,fingerfucked
612,샹뇬,HOTSEXKOREA,生孩子沒屁眼,fingerfucker
613,샹늠,hotslut,先奸後殺,fingerfucks
614,샹늠의새리,hymen,線上GM,fistfuck
615,샹늠의쌔리,IJSEX,線上客服,fistfucked
616,샹팔개년,Ilikelilboys,線上管理者,fistfucker
617,선오브비치,Ilovelilboys,性高潮,fistfuckers
618,성섹스,Ilovelilgirl,性交,fistfucking
619,세끼,ImPedoBear,性交靠,fistfuckings
620,섹걸,irapekids,性饑渴,fistfucks
621,섹골,itouchbois,性濫交,FK
622,섹귀,itouchboys,性免費電影,fock
623,섹기,itouchg!rls,性無能,fu c k
624,섹끼,itouchgirls,性病,fu ck
625,섹남,ituchg!rls,性生活,fu k
626,섹녀,ituchgirls,性愛,fu yuck
627,섹마,j3w,性欲,fu*k
628,섹보지,j3ww3r,成人區,fu...k
629,섹소리,jackass,成人圖片,fu.ck_u
630,섹수,jackoff,成人論壇,fu__________ck
631,섹슈,jack-off,成人漫畫,fuc k
632,섹쑤,japs,成人網站,fuc u
633,섹쓰,jennahaze,成人文學,Fuc.k
634,섹티쉬,jennajameson,成人小說,fuc|<
635,섹파트너,jerkoff,成人影視,fucayou
636,섹하자,jerk-off,成人電影,fucck
637,섹하장,jessicadee,成人片,fuccwitme
638,쇄대가리,Jewbacca,性虐,fucface
639,쇠대가리,JewButt,性虐待,fuchead
640,쇠대갈,jeweldenyle,小.*商,fuck
641,쇠대구빡,Jewer,小b,f-u-c-k
642,쇠데가리,JewMonster,騷B,f--uck
643,쇠데갈,Jewww,小gg,ＦＵＣＫ
644,쇠데구빡,JewYorker,小雞雞,fuck you
645,수간,Jew-Yorker,小龜蛋,fuck1n
646,쉐꺄,JFANTASY,小機機,fuck1ng
647,쉐끼,JGIRLS,消息,fuck1ngs
648,쉐팔,jillkelly,小乳頭,fuck1ngz
649,쉑끼,jiz,小肉粒,fuck3d
650,쉑스,jizm,小電影,fuck3r
651,쉬댕,jizz,騷逼,fuck3rs
652,쉬뎅,jizzing,小穴,fuckboy
653,쉬바,juliashton,小穴好癢,fuckcoons
654,쉬박,junglebunny,騷貨,fucked
655,쉬발,karadavis,騷徽,fuckedup
656,쉬방,kawk,售ID,fucker
657,쉬배,kike,獸交,fuckers
658,쉬밸,kikes,售軟體,fuckface
659,쉬벅,kikkityler,手淫,fuckgm
660,쉬벌,KINGSEX,水晶,fuckhead
661,쉬벙,kinky,售號,fuckhole
662,쉬벨,kkk,濕了,fuckin
663,쉬봉,klismaphilia,濕透的內褲,fucking
664,쉬부랄,klitori,視奸,fuckings
665,쉬불,knobend,視姦,fuckingyamom
666,쉬붕,knobhead,屎你娘,fuckinstoned
667,쉬브랄,knobjocky,屎妳娘,fuckm3
668,쉬브럴,knobjokey,新手指導,fuckman
669,쉬블,kock,新手指導員,fuckme
670,쉬빨,koon,新台幣,fuckmehard
671,쉬뻘,kooter,十八摸,fuckmonkey
672,쉬뿔,Kream,雙峰微顫,fuckmyass
673,쉬이발,krystalsteal,屙,fucknut
674,쉬이방,KSEX,我奸,fuckoff
675,쉬이벌,kuksuger,我幹,fuck-off
676,쉬이불,kummer,我靠,fuckpirate
677,쉬이붕,kumming,我咧幹,fucks
678,쉬이빨,kunilingus,我日,fuckshit
679,쉬이팔,kunt,我日你,fucku
680,쉬이펄,kunts,我操,fuckubitch
681,쉬이풀,kuntz,我操靠,fuckup
682,쉬파,kyke,我操你,fuckymamma
683,쉬팍,l3itch,我操妳,fuckyou
684,쉬팍아,lardass,鴉片,f-u-c-k-y-o-u
685,쉬팔,larryflynt,鴉片渣,fuckyoucock
686,쉬팡,lesb,鴉片液,fuckyoucunt
687,쉬퍼얼,lesbi,齷齪,fuckyougm
688,쉬펄,lesbian,安非他命,fuckyouii
689,쉽새,LESBIEN,顏射,fuckz
690,쉽색,lesbo,暗陰陽,fucxyou
691,쉽세,lessy,愛液,fucya
692,쉽섹,lezbian,愛滋,fucyou
693,쉽쉐,lezbo,愛滋病,fucyoubich
694,쉽쌕,lezzian,櫻井,fudgehole
695,쉽쎄,lezzie,夜勤病棟,fudgepack
696,쉽쎅,lingerie,祂瑪的,fugmpuke
697,쉽알,lipshits,夜情,fuhq
698,쉽쟁이,lipshitz,陽具,fuk
699,쉽창,littlearse,陽物,fukad
700,쉽탱구리,loloferrari,陽痿,fukaduck
701,쉽파,longdong,陽精,fukahire
702,쉽팍,longusdongus,睪,fukallyou
703,쉽팔,lubricant,睪丸,fukayouho
704,쉽펄,m0f0,藝莖,fukc
705,쉽할,m0fo,藝道,fukchop
706,쉽헐,m45terbate,藝門,fukdabitch
707,쉽활,ma5terb8,藝部,fukdabtch
708,쉿발,ma5terbate,藝水,fukead
709,쉿벌,marycarey,藝唇,fukedatbirth
710,쉿빨,masochist,藝蒂,fukedup
711,쉿뻘,masokist,藝核,fukedyomom
712,쉿팍,massterbait,藝穴,fukface
713,쉿팔,masstrbait,藝戶,fukfest
714,쉿펄,masstrbate,玉莖,fukhead
715,스너프,masterb8,哇是大懶巴,fukhole
716,스발,masterbaiter,哇是大懶趴,fukinbad
717,스팔,masterbat*,完蛋操,fukingfisher
718,스펄,masterbat3,王八蛋,fukinggayman
719,싀댈,masterbate,外掛,fukinggook
720,싀델,master-bate,外陰,fukingjap
721,싀뎅,masterbater,搖頭玩,fukingroovin
722,싀바라,masterbates,搖頭丸,fukinlag
723,싀발,masterbating,欲火焚身,fukinpimp
724,싀밸,masterbation,牛比,fukinrapist
725,싀벌,masterbations,牛逼,fukit
726,싀벨,masterbator,援交,fukjap
727,싀봉,mastorbate,援交妹,fukknut
728,싀봘,mastorbator,援妹  ,fukkyou
729,싀팍,masturbat*,遠程偷拍,fukme
730,싀팔,masturbate,援助交際,fukmegood
731,싀팤,masturbati,威而鋼,fukmerun
732,싀펄,masturbating,威而柔,fukmyass
733,싀퐐,masturbation,乳交,fuknclown
734,싑새,masturbator,幼交,fukndork
735,시뎅,Meat puppet,乳頭,fuknklown
736,시발,meatsword,有碼,fuknmonke
737,시밸,meatwad,乳房,fuknthief
738,시뱅,MeinAdolph,乳峰,fuknurmom
739,시뱅년,MeinKaumpf,遺精,fuknut
740,시뱔,methhead,乳波臀浪,fukoff
741,시버럴,methmonster,乳暈,fuks
742,시벌,mfucker,遊戲工作人員,fukslut
743,시벌존나,milf,遊戲工程師,fuksuckblow
744,시벨,minga,遊戲管理者,fukuall
745,시벵,minge,遊戲發獎員,fukualso
746,시볼,misogynist,肉棍,fukuashole
747,시봉,mof0,肉棍子,fukubiatch
748,시부랄,mo-fo,肉洞,fukubizzach
749,시부래미,Momphucker,肉壁,fukubyatch
750,시부럴,moneyshot,肉棒,fukuinyour
751,시불랑,monstercock,肉縫,fukup
752,시불헐,mooncricket,肉欲,fukuppl
753,시브랄,morningwood,肉穴,fukusima
754,시블,mothafuck,肉壺,fukusuk
755,시빨,mothafucka,淫,fukuup
756,시뺠,mothafuckas,陰莖   ,fukuusuck
757,시뿔,mothafuckaz,淫叫  ,fukyah
758,시앙년,mothafucked,陰囊,fukyallmofo
759,시이발,mothafucker,陰道,fukyermom
760,시이벌,mothafuckers,淫洞,fukyoass
761,시이불,mothafuckin,淫亂,fukyou
762,시이붕,mothafucking,淫魔  ,fukyouanddie
763,시이팔,mothafuckings,淫毛,fukyouus
764,시이펄,mothafucks,陰毛,fukz
765,시이풀,mothafuker,陰門,fumonkey
766,시입팔,mothafukkah,淫靡,funkynegro
767,시탈놈,mothafukker,淫婦,fuqbich
768,시팔,Mother Fucker,陰部,fuqbiotch
769,시팡,motherfuck,淫西,fuqew
770,시팰,motherfucked,陰小撕大,fuqfugu
771,시펄,motherfucker,淫水,fuqnut
772,시풀,mother-fucker,陰水,fuqoff
773,식펄년이,motherfuckers,淫水直流,fuqu
774,신음소리,motherfuckin,淫水賤貨,fuque
775,실밸,motherfucking,淫濕,furburg3r
776,심년아,motherfuckings,淫液,furburger
777,십8,motherfuckka,淫語連連,furburgers
778,십데꺄,motherfucks,淫穢,futhermucker
779,십때끼,motherfukah,淫娃  ,futtbuck
780,십땡구리,motherfuker,淫欲,fuvku
781,십땡그리,motherfukkah,淫汁,fuxjoo
782,십땡글이,motherfukker,陰唇,fuxkyou
783,십떼끼,Motherphucker,淫賤,fuxyou
784,십물,moulie,陰蒂,fyuocuk
785,십버지,mouliewop,淫蕩,G M
786,십볼,MRCONDOM,陰核  ,G.M
787,십부랄,MTHRFCKR,淫穴,G_M
788,십부럴,mudshark,陰戶,g00k
789,십블,muffdiver,淫貨,g0ddamn
790,십빡,muie,應招,g0nads
791,십빨,mulkku,意淫,gadoor
792,십뻘,MULYOSEX,二b,GameMaster
793,십뽈,munch3r,以莖至洞,GameMasters
794,십쁠,munchking,二屄,gangbang
795,십새리,munchqueen,二逼,gangbang3d
796,십색,muthafecker,人民幣,gangbanged
797,십셰리,muthafucker,人體炸彈,gangbangs
798,십쉐,muthafuckker,日X媽,gangbangz
799,십쌔,muthafukah,一貫道,gangrape
800,십쌔끼,muthafuker,日你,gayrape
801,십쌕,muthafukkah,一黨專政,gays3x
802,십쎄,muthafukker,一本道,gaysex
803,십쎅,mutherfucker,日死,gaywad
804,십우랄년아,mysupersales,日死你,gaz0ngers
805,십을년,n!gg3r,一夜情,gazongers
806,십자석,n!gger,日她,GM
807,십자슥,n@zi,日他,GM Online
808,십장이,n1gga,自瀆,goatfuck
809,십쟁이,n1gger,自焚,godammit
810,십지랄,n1gr,自殺手冊,godamnit
811,십질,n1pple,自殺指南,goddam
812,십창,natzi,自慰,goddamn
813,십탱,nazi,自製手槍,gonads
814,십텡,nazis,作愛,gook
815,십파,necrophil,雜交,guinn3
816,십팍,negro,雜種,h ee
817,십팔,negroid,裝屄,h.i.a
818,십팡넘아,negrolicious,裝逼,h00ker
819,십펄,negromancer,裝逼靠,h0m0
820,십헐,nickelbag,再奸,h0rniest
821,싯발,nicklebag,底褲,h0rny
822,싯벌,nigahh,她娘,h0tsex
823,싯볼,niger,她奶奶的,h3ll
824,싯빨,Nigg@,低能,hairyclamb
825,싯뻘,nigg3r,豬玀,hard0n
826,싯팔,nigg4h,她瑪的,hardc0resex
827,싰발,nigga,她馬的,hardcoresex
828,싰벌,niggah,她媽的,he e
829,싶발,niggas,豬毛,headcock
830,싶벌,niggaz,豬生狗養貓帶大,hee ban
831,싶빡,nigger,豬媳,heehak
832,싶빨,nigger*,她爺,hell
833,싶뻘,nigger;,豬容基,hitler
834,싶새,niggers,豬操,holy shit
835,싶세,Nigglet,的娘,homo
836,싶쉐,niggs,的爺,honkey
837,싶쌔,nigim,點數商,hooker
838,싶쎄,nigimi,程凱,horniest
839,싶알,niglet,情色,horny
840,싶질,nignog,精液,hots3x
841,싶창,nigs,精子,hotsex
842,싶팍,nigur;,程真,hughboobs
843,싶팔,niiger;,程鐵軍,hugherection
844,싶펄,niigr;,弟大勿勃,hughgass
845,싶할,nikkibenz,提示,hughgdlck
846,싶헐,nipple,操,hughgkoch
847,싸까쉬,nipples,肏,hughgrect
848,싸까시,nobhead,糙   ,hughgrekshon
849,싸까씨,nobjocky,操78,hughgrekshyn
850,싸까지,nobjokey,鳥GM,hughgshaft
851,싸까찌,NOPANTS,操ta,hussy
852,싸넘,nosecandy,操機掰,i .......sud.....
853,싸년,nude,操娘,i aon
854,싸놈,nudity,操尼,i hear
855,싸뇬,NUDLNUDE,操你,i heer
856,싸늠,numbnuts,操妳,i here
857,싸앙년,nunriggers,叼你,i hie
858,싸앙뉸,nutsack,操你娘,i hok
859,싸카시,nympho,操妳娘,i kajok
860,싸카씨,oface,懆您娘,i na hee
861,싹년,omgwtf,操你媽,i nar hee
862,싹바가지,onanism,操妳媽,i ne hee
863,싹박아지,ONECLLCKPAY,懆您媽,i sud
864,쌉쌕뀌,onkeltom,叼你媽,ihere
865,쌍넌,opium,操你媽的b,iloveboobs
866,쌍넘,ORALSEXTV,操你孃,isud
867,쌍년,orgasim,操妳孃,i-sud
868,쌍뇽,orgasim;,操你全家,j1sm
869,쌍뉸,orgasims,操妳全家,j1zm
870,쌍늠,orgasm,操你祖宗,j1zz
871,쌍보지,orgasms,操妳祖宗,j3sus
872,쌍부랄,orgasum,糙你祖宗,jack off
873,쌍연?,Orgee,操蛋,jack0ff
874,쌍통,orgie,操林,jack0ffz
875,쌔기,orgy,操媽,jackass
876,쌔꺄,p0rn,操媽b,jackazz
877,쌔끼,p3n1s,操比,jacking off
878,쌔키,p3nis,早洩,jacking0ff
879,쌕걸,packie,造愛,jackoff
880,쌕기,packy,操她,jack-off
881,쌕년,paki,操她媽,jackoffs
882,쌕수,pakie,粗制嗎啡,jaew
883,쌕스,paky,祖宗,jan rai
884,쌕쑤,panties,潮吹  ,jangrai
885,쌕쓰,papsmear,操他,japhate
886,쌩쇼,paska*,操他媽,japkill
887,쌩쑈,PawPawPAw,操逼,japkillerusa
888,쌩아,pecker,坐交,japz
889,쌰다마우쓰,peckertracks,坐莊,jeaw
890,쌰럽,peckerwood,坐台,jeddo
891,쌰앙,pederast,坐台的,jerk
892,쌰앙녀,pederasty,做愛,jerkoff
893,쌰앙년,PedoBaer,蠢蛋,jerk-off
894,쌰앙뇬,pedobear,蠢豬,jerkz
895,쌰앙뉸,PedoBears,中.*國.*狗,jesus
896,썅넌,pedophile,中.*國.*豬,jesus christ
897,썅년,Peedobear,中國豬,jesuschrist
898,썅악년,Peedomonster,中獎,jewbag
899,썅악여,peeenus,支那,jewboy
900,썅악연,peeenusss,指導,jewboynigger
901,썅앙년,peenus,指導員,jewishnazi
902,썅연,peinus,智障,jewishwhore
903,써발넘,pen!s,遲浩田,jigaboo
904,쎄기,pen1s,車侖,jigabu
905,쎄꺄,penis,車侖女干,jiggaboo
906,쎄끈,penis-breath,戳B,jiggabu
907,쎄끼,penisfucker,戳爆你的奶,jism
908,쎄엑,pennis,鑽石,jizm
909,쎄엑스,penthouse,娼,jizz
910,쎅기,penus,蔡陸軍,jun rai
911,쎅수,penuus,蔡崇國,k u a y
912,쎅스,pervert,菜逼,k0ck
913,쎅이,peternorth,處男,k0ckz
914,쎅히,phawk,處女,k0nd0m
915,쐉년,PHONESEC,處女膜,k0ndom
916,쐉뇬,phonesex,賤,k0ndums
917,쐐끼,PHONE색,賤B,k1ke
918,쐐대가리,PHONSEC,賤男人,kadoor
919,쐐대갈,PHONSEK,賤女人,kador
920,쐐대구빡,PhookDatHo,賤胚,kajok
921,쐐데가리,phuc,賤比,kike
922,쐐데갈,phuck,賤人,kn0b
923,쑤댕,Phuckdaho,天天幹,kraut
924,쑤발,Phuckdathoe,賤畜,kumm1ng
925,쑤벌,Phucker,賤逼,kumm3r
926,쑤팔,phugface,賤貨  ,kums
927,쑤팡,phuk,賤徽,kumz
928,쑤펄,phuked,舔,kun1lingus
929,쒜끼,phuker,舔你的大雞巴  ,kunilingus
930,쒜뒈가리,phuking,舔你的大懶巴,kuy
931,쒝스,phukked,舔我雞巴,kv y
932,쒸댕,phukker,屌,kyke
933,쒸바,phukking,肖強,kวย
934,쒸박,phuks,屌鳩,l0s3r
935,쒸발,phuq,招妓,l0ser
936,쒸방,pierdol*,草你,l3sbian
937,쒸배,pigfucker,屌妳,l3sbo
938,쒸밸넘아,pikajew,草泥馬,layam
939,쒸버,pillowbiter,草你媽,lesbian
940,쒸벌,pillu*,草你媽靠,lesbo
941,쒸벨,pimmel,草媽,lickalotpuss
942,쒸봘,pimp,屌毛,lickatit
943,쒸부랄,pimper,屌西,lickball
944,쒸부럴,pimpis,草擬媽,lickemball
945,쒸불,pinktaco,草的你媽,lickitgood
946,쒸붕,piss,草枝擺,lickithard
947,쒸뷰랄,piss*,催情藥,lickityoufuc
948,쒸뷰럴,pissed,抽你丫的,lickmebalz
949,쒸블,pissedoff,抽插,lickmecock
950,쒸빨,pisser,畜牲狗養貓帶大,lickmyanus
951,쒸알,pissers,春藥,lickmyass
952,쒸앙,pisses,出售假幣,lickmyball
953,쒸양,pissflaps,出售手槍,lickmycock
954,쒸이발,pissin,出售神符,lickmycrack
955,쒸이방,pissing,出售帳號,lickmycrotch
956,쒸이벌,pissoff,出售此號,lickmynad
957,쒸이불,playboy,出售槍支,lickmynut
958,쒸이붕,PLAYBOZI,臭雞,lickmyownpee
959,쒸이빨,playgirl,臭雞掰,lickmysack
960,쒸이팔,PLEYBOG,臭雞巴,lickmywetbox
961,쒸이펄,PLEYBOY,臭雞疤,likmekok
962,쒸이풀,polac,臭機,likmiclit
963,쒸팍,polack,臭機八,likmybut
964,쒸팔,polak,臭吉擺,lust1ng
965,쒸팡색기,polesmok,吹喇叭,m0th3rfuck
966,쒸팡색끼,polesmokers,臭西,m0thafuck
967,쒸펄,pollock,吹簫,m0thafuck3r
968,쒸퐉,pommespapst,吹蕭,m0thafucka
969,쒸퐐넘,poohstab,就是要幹你,m0thafuckas
970,쒸퐐놈,poomaster,就是欠幹,m0thafuckaz
971,쒸풀,poonani,臭作,m0thafucked
972,쓉창,poonjuice,致幻劑,m0thafuckerz
973,쓋,poontang,他ㄇ的,m0thafuckin
974,쓰바새끼,poontsee,他幹,m0thafucking
975,쓰바할,poopeater,他娘,m0thafuckz
976,쓰방쉐,poopmunch,他奶娘的,m0therfuck
977,쓰밸,poostab,他奶奶,m0therfuck1n
978,쓰버럴,popasquat,他媽,m0therfuck3r
979,쓰벌,popobumser,他媽個逼,m0therfucked
980,쓰벨,poppa!squat,他瑪的,m0therfucks
981,쓰벵,poppasquat,他馬的,m0und
982,쓰봉,porchmonk,他媽的,m1ck
983,쓰봉쉐,porn,它瑪的,m3rde
984,쓰부랄,PORNER,牠瑪的,mae yed
985,쓰불,porno,他媽的智障,maeyet
986,쓰붕,PORNOBOZI,他媽的逼,mamungtay
987,쓰뷀,pornography,他命,mang yed
988,쓰브랄,PORNOMANA,打手槍,masterbate
989,쓰블,PORNOPLAYBOY,他爺,masturbate
990,쓰븡,pornos,駝八蛋,mather you dead
991,쓰빌,PORNSEX,打炮,mea mung
992,쓰빨,pornstar,蕩婦,merde
993,쓰뻘,powerfuck,台幣,meung
994,쓰알,Powerfuckgirls,土共,mick
995,쓰으발,pr0n,兔崽子,mmogoldstore
996,쓰으벌,pr1c,捅你,moelester
997,쓰으블,pr1ck,捅你的大雞巴,mofiesta
998,쓰으팔,pr1k,投毒殺人,Moron
999,쓰으펄,prebubescent,破處,mothafuck
1000,쓰파,prepubescent,破鞋,mothafucka
1001,쓰팔,priapism,貝哥哥,mothafuckas
1002,쓰팡,prostituta,貝戈戈,mothafuckaz
1003,쓰펄,prostitute,姘頭,mothafucked
1004,쓰퐈,pu$$y,炮友  ,mothafucker
1005,씁벌,pube,包皮,mothafuckers
1006,씁새,pubic,嫖,mothafuckin
1007,씁색,pubis,婊,mothafucking
1008,씁세,pudendum,嫖客,mothafucks
1009,씁쉐,punkass,婊子,mother dead
1010,씁쌕,pusse,嫖娼,mother die
1011,씁쎅,pussee,逼,mother died
1012,씁쒜,pussi,逼你老母,mother fucker
1013,씁아,pussies,逼毛,mother ming dead ror
1014,씁얼,pussy,逼央,mother u dead
1015,씁창,pussyfart,逼樣,mother u die
1016,씁탱,pussylick,下流,mother you dead
1017,씁헐,pussys,下三爛,mother you died
1018,씌댕,pussystomp,下賤,motherdie
1019,씌바,quaaludes,下體,motherfuck
1020,씌박,quadoushka,涵嵐嬌,motherfucked
1021,씌발,queef,哈批,motherfucker
1022,씌방,queef*,嗑藥,motherfuckin
1023,씌배,queer,肛,motherfucks
1024,씌밸,queers,肛交,mueng
1025,씌벌,queerz,肛門,muff
1026,씌벙,qweef,港幣,mung
1027,씌벨,qweers,海洛因,mutherfock
1028,씌불,qweerz,行房,mycock
1029,씌빌,qweir,歇逼,mydick
1030,씌빨,r@p3r,血逼,n1gger
1031,씌뻘,r@pe,邢錚,n1ggers
1032,씌앙,raghead,好想被幹,n3rd
1033,씌양,randywest,昏藥,na hee
1034,씌파,rasperrymunch,紅寶石,na hree
1035,씌팍,rasphberrymuncher,換妻,naa hee
1036,씌팔,REALXX,活動,nahee
1037,씌팡,rebeccalord,黃寶石,nazi
1038,씌펄,rebeccaporn,黃色靠,nazijewraper
1039,씌퐈,recktum,黃色圖片,naziskinhead
1040,씌퐐,rectum,黃色漫畫,Netmarble
1041,씌퐝,reich,黃色網站,niga
1042,씝,reneelarue,黃色文學,nigahbytch
1043,씝창,resbian,黃色小說,nigaretto
1044,씨8,retard,黃色小電影,nigatrash
1045,씨가랭넘,richthofen,黃色影視,nigazbiotch
1046,씨가랭년,rimjaw,黃色電影,nigbeater
1047,씨가랭놈,rimjob,獲獎,nigerbeater
1048,씨다바리,rugmunch,胸罩,nigerman
1049,씨달,rumprang,吃大便,nigga
1050,씨댕,RUNSEX,吃屎,niggaboo
1051,씨댕년,rustytrumpet,欠幹,niggafag
1052,씨댕이,ryanconner,欠幹大雞掰,niggah
1053,씨뎅,ryanwagner,欠幹喔,nigge
1054,씨바,s e x,欠騎,nigger
1055,씨바랄,S EX,欠人騎,niggers
1056,씨바새끼,s.o.b.,欠操,nigghaz
1057,씨바알,s_h_i_t,吸你的蛋蛋,niggher
1058,씨박,sacofricosis,吸你的屌,niggkilla
1059,씨발,sadist,吸毒,niggor
1060,씨밟,sadomaso,吸我的屌,niggrian
1061,씨방세,saladtosser,,nigguh
1062,씨방쉐,sanchezeater,,niggurs
1063,씨방아,sanchezmuncher,,nigiro
1064,씨배랄,sandnigger,,niglet
1065,씨밸,sandninja,,nigletbard
1066,씨뱅,sandydolphin,,nigletmaster
1067,씨뱅가리,sarastjames,,nigore
1068,씨뱅이,Sausage Jockey,,nigrkill
1069,씨뱔,sc@t,,nigromance
1070,씨버럴,scank,,nigz
1071,씨벌,scatology,,nipalicious
1072,씨베랄,scheiss*,,nipple
1073,씨베렐,schlong,,nipplelicker
1074,씨벨,schmuck,,OFFICIAL
1075,씨벵,scroat,,okaygoods
1076,씨보지,scrote,,online gm
1077,씨볼,scrotum,,oosale
1078,씨봉,selenasteele,,orgasim
1079,씨봉알,sex,,orgasims
1080,씨봘,sexmachine,,orgasm
1081,씨부댕,sexy,,orgasms
1082,씨부랄,sexylilgirl,,p0rn
1083,씨부랠,seymorebutts,,p0rn0
1084,씨부럴,sh!+,,p0rn0z
1085,씨부렁,sh!t,,p0rno
1086,씨부롤,sh!t*,,p0rnography
1087,씨부리,sh!tfaced,,p0rnos
1088,씨부얼,sh1t,,p1mp
1089,씨불,sh1ter,,p1ss
1090,씨붕,sh1ts,,p1ss0ff
1091,씨브랄,sh1tter,,p1ssed
1092,씨브럴,sh1tz,,p1sser
1093,씨브룰,shagger,,p1ssers
1094,씨블,shaggin,,p1sses
1095,씨븡새끼,shagging,,p1ssin
1096,씨비랄,sheethead,,p1ssoff
1097,씨빠,shemale,,p3cker
1098,씨빡,sherriangel,,p3nis
1099,씨빨,shi+,,pecker
1100,씨뺄뇬아,shit,,pen1s
1101,씨뺠,shitdick,,penis
1102,씨뽀랄,shite,,pennis
1103,씨뽈,shited,,ph0nesex
1104,씨뿔,shitey,,phonesex
1105,씨쁠,shitface,,phons3x
1106,씨섹끼,shitfaced,,phuck3d
1107,씨앙,shitfuck,,phuk
1108,씨이발,shitfull,,phuk1ng
1109,씨이방,shithead,,phuked
1110,씨이뱅,shiting,,phuking
1111,씨이벌,shitings,,phukk1ng
1112,씨이붕,shits,,phukk3d
1113,씨이블,shitted,,phukked
1114,씨이빨,shitter,,phukking
1115,씨이팔,shitters,,phuks
1116,씨이펄,shitting,,phukz
1117,씨이풀,shittings,,phuq
1118,씨입쉐,shitty,,pinktaco
1119,씨입팔,shity,,piss
1120,씨입할,shitz,,piss off
1121,씨창,shiz,,pissed
1122,씨탱,shiznit,,pisser
1123,씨텡,shizzle,,pissers
1124,씨파,shlong,,pisses
1125,씨팔,shmegma,,pissin
1126,씨팝,shortbus,,pissing
1127,씨펄,shyt,,pissoff
1128,씨폴,shyte,,po mung die
1129,씨퐈,shytty,,po mung tai
1130,씨할,shyty,,pootang
1131,씨활,SIBALNYUN,,por dead
1132,씹8,si파,,por die
1133,씹구멍,skanck,,por meung tai
1134,씹까,skank,,por mueng
1135,씹년,skankee,,por mueng ror
1136,씹념이,skankey,,por mun die ror
1137,씹닥,skanks,,por mun try
1138,씹딱,skanky,,por mung
1139,씹땡구리,skeet,,por tai
1140,씹땡그리,skeetskeet,,por u die
1141,씹만한,skinbat,,por u tai
1142,씹물,skunkweed,,por you tai
1143,씹미랄,slamhound,,pormung
1144,씹발,slut,,porn
1145,씹버지,slutmuffin,,porn0
1146,씹벌,sluts,,porno
1147,씹보지,slutty,,pornography
1148,씹볼뇬,slutz,,pornos
1149,씹부랄,smegma,,potah
1150,씹브랄,Socket Face,,pr0stitute
1151,씹빨,sodomi,,pr1ck
1152,씹빵구,sodomize,,pr1cks
1153,씹뻘,sodomy,,pr1ckz
1154,씹뽀지,son-of-a-bitch,,prick
1155,씹뿔,SORASEX,,pricks
1156,씹쁠,SOSSEX,,prostitute
1157,씹새,spanishfly,,punk
1158,씹색,speculum,,punkass
1159,씹세,sperm,,puss1es
1160,씹세리,sphencter,,pussi
1161,씹섹,sphincter,,pussie
1162,씹숑,spick,,pussies
1163,씹쉐,spics,,pussis
1164,씹쌔,spierdalaj,,pussy
1165,씹쌕,sploog,,pussyhole
1166,씹아,splooge,,pussylick
1167,씹알,spluge,,pussylip
1168,씹어,spreadeagle,,pussypound
1169,씹얼,spreadmylegs,,pussys
1170,씹울알,Squrtin,,puta
1171,씹을년,Squrtn,,putanginamo
1172,씹자석,SqurtnWeasel,,pyropussy
1173,씹자슥,SRILANKASEX,,qu33r
1174,씹자식,stfu,,quai
1175,씹자지,stiffy,,queer
1176,씹장이,strapon,,r3tard
1177,씹쟁이,stripper,,ra yam
1178,씹젖,sudaca,,raghead
1179,씹좆,suicide,,rape
1180,씹좇,sukkitdown,,rapeme
1181,씹쥘,suppuku,,rayam
1182,씹지랄,swastika,,rectalprobe
1183,씹질,swiftnuggs,,rectum
1184,씹창,swingers,,retard
1185,씹텡,SYLIVASAINT,,s h i t
1186,씹팔,sylviasaint,,s H it
1187,씹퍼년,t!ts,,s hit
1188,씹펄년아,t1t,,s u c k
1189,씹할,t1tt1e5,,s ud
1190,씹헐,t1tties,,saad
1191,씹활,Tacoeater,,sadnarok
1192,씻발,Tacoeater ,,schit
1193,씻밸,Tacomuncher,,schithead
1194,씻벨,TacoN!ggah,,schitngrin
1195,씻볼,tampon,,schitzngrin
1196,씻불,tardpopsicle,,schl0ng
1197,씻빨,teabagging,,schlong
1198,씻뻘,teets,,scr3w
1199,씻뽈,Teety,,screw
1200,씻뿔,Teetybear,,scrotum
1201,씻탱구리,Teetymunch,,SEGA
1202,씻팔,testical,,semen
1203,씻팡,testicle,,sh!t
1204,씻펄,testicle*,,sh1t
1205,씻펑,thickbush,,sh1ted
1206,앂,throbknobbin,,sh1tfull
1207,앂빨,thsale,,sh1th3ad
1208,앂팔,thunderfuck,,sh1ting
1209,ㅇㄱㅇ,Tiddy,,sh1tings
1210,ㅇㅈ,tinytits,,sh1ts
1211,아갈,tirdburglar,,sh1tt3r
1212,아괄,titfuck,,sh1tted
1213,아씨발,titnass,,sh1tter
1214,아씨팔젖같네,tits,,sh1tters
1215,애널,titsnass,,sh1tting
1216,애뮈,titt,,sh1ttings
1217,애믜,titt*,,sh1tty
1218,애뷔,tittenmaus,,sh3ist3r
1219,애액,tittie,,sheister
1220,애좌,tittie5,,shi t
1221,앰병,tittiefucker,,shiat
1222,앰빙,titties,,shiet
1223,앰창,titty,,shit
1224,앵신새끼,Tittybear,,shite
1225,양년,tittyfuck,,shiteat
1226,양아취,tittywank,,shited
1227,얨병,titwank,,shitfull
1228,얼싸,tokyorose,,shithead
1229,엄마먹었당,tonyzerega,,shiting
1230,엄창,tossalad,,shitings
1231,에미,tossingsalad,,shitman
1232,에비,tosssalad,,shits
1233,엠병,Towel Head,,shitstab
1234,엠창,towelhead,,shitted
1235,여엄병,trannie,,shitter
1236,연놈,tranny,,shitters
1237,연병,transexual,,shitting
1238,엳빠,transsexual,,shittings
1239,염뱅할,transvestite,,shitty
1240,염병,TrufButLer,,SHlT
1241,염뵹,Trufflebuter,,sitonmyface
1242,엿가튼,Trufflebutter,,sl3az3
1243,엿같은,TruffleBUTTerr,,slag
1244,엿같이,TruffleBuutter,,sleaze
1245,엿놈,turbanhead,,slut
1246,엿머거,turdburglars,,slutass
1247,엿먹어,turdsplat,,sluts
1248,엿먹으셈,tw4t,,slutz
1249,엿이다,twathead,,slutznwhore
1250,엿쳐무라,twatlick,,smut
1251,옂빠,twats,,snatch
1252,옅빠,twatsuck,,sonteen
1253,옘병,twatty,,sperm
1254,옘빙,twaty,,spermburp
1255,오나니,uglynig,,spermpants
1256,오랄,Uncle Fucker,,spick
1257,오럴,updabut,,spooge
1258,오입,upmybutthole,,spoogebob
1259,올가즘,urethra,,spunk
1260,옴창,urinat,,su d
1261,왕버지,urmama,,suck
1262,왕자지,urmom,,Sucker
1263,왕잠지,v14gra,,suckme
1264,왕털버지,v1gra,,suckmydick
1265,왕털보지,va1jina,,sucmybawl
1266,왕털자지,vag1na,,sud teen
1267,왕털잠지,vagiina,,SuDDDD
1268,운지,vagimampf,,sudteen
1269,원조교제,vagina,,supabiatch
1270,유깝,VAGINAL,,sux
1271,유깦,vaj1na,,tite
1272,유방핧아,vajayjay,,twat
1273,유방핧어,vajina,,Unalis
1274,유욱갑,vanginus,,v0yuer
1275,육갚,vasect,,vageyenuh
1276,육구자세,venereal,,vagina
1277,육깝,veronicahart,,vaginal
1278,육깦,viagra,,vaginallip
1279,육봉,vibrator,,vaginuh
1280,육시럴,vullva,,vagiskin
1281,육실할,vulva,,vipebay
1282,육실헐,w00se,,vulva
1283,육씨랄년,w0p,,w3tback
1284,육씨랄놈,w3tb4ck,,wanker
1285,윤간,w4nk,,wanking
1286,이새꺄,wangmaster,,wetback
1287,이세꺄,wank,,wh0re
1288,이쇅,wanker,,whore
1289,이쉐꺄,wankoff,,y e d
1290,이쉑,wanky,,y ed
1291,이쉑꺄,warslut,,ye d
1292,이시끼,WEBXXX,,yed
1293,입걸레,Wee Wee,,Yed Mea
1294,ㅈㄹㄷ,welfarmonkey,,yet hear
1295,자기핧아,wetback,,yet mae
1296,자쉭,wetback*,,yet mai
1297,자쥐,wetdream,,yet mang
1298,자쥐털,wetmunch,,yet mather !
1299,자즤,wetmunch!,,yet mea
1300,작은보지,wetmuncher,,Yet Yet
1301,잠짓물마셔,wh00r,,yetmai
1302,잡껏,wh0re,,yettamon
1303,잡넘,whackoff,,your father
1304,잡년,whackyiraqi,,your father dead
1305,잡노무,whoar,,your father die
1306,잡뇬,whore,,your father die ?
1307,잡탱아,whosurdaddy,,your father die?
1308,저까,wifebeater,,your father?
1309,저까튼,wigger,,your mother
1310,저깐,winnipuuh,,your mother dead
1311,저꽈튼,WONJOSEX,,เ เ ม่ ง
1312,저꽛튼,WORLDSEX,,เ ย็ ด
1313,저떠,wtf,,เ ย็ด
1314,저떠씨벵,WWW,,เ สื อ ก
1315,저빱,www_,,เ ห ี้ ย
1316,저세끼,wyfebeater,,เ!้ย
1317,저썌끼,xrated,,เ.ป.ร.ต
1318,저엇,xxx,,เ.ย็.ด
1319,저엊,Yaoi,,เ.ย็.ด.แ.ม่
1320,적가튼,yaoiking,,เ.สื.อ.ก
1321,적까,yaoiqueen,,เ+ย็+ด
1322,적꽈튼,youranus,,เเคมปลิ้น
1323,전까,yuckfou,,เกมมาสเตอร์
1324,전라도,yuckfu,,เงี่ยน
1325,전만한,z4b0urah,,เงี้ยน
1326,젓가튼,z4bourah,,เจดแม่
1327,젓갓,zabourah,,เจ็ทแม่
1328,젓같,zoophilia,,เจสแม่
1329,젓같내,zuhälter,,เจี๊ยว
1330,젓같네,zwergpimmel,,เจือก
1331,젓같다,,,เชรี่ย
1332,젓같은,,,เชรี้ย
1333,젓같은?,,,เช่าวัก
1334,젓까,,,เชี้ย
1335,젓꺽쥐,,,เชี่ยเย็ด
1336,젓꺽지,,,เชี่ยเย้ด
1337,젓꼭쥐,,,เชี่ยแดก
1338,젓꼭지,,,เชี่ยแม่
1339,젓나,,,เชี่ยแม่ง
1340,젓냄새,,,เชี่ยแม่ม
1341,젓대가리,,,เชี่ยแมร่ง
1342,젓떠,,,เชี่ยแสรด
1343,젓또,,,เชี่ยโคด
1344,젓랄,,,เชี่ยโคตร
1345,젓마나,,,เชี่ยกรุ
1346,젓마니,,,เชี่ยกรู
1347,젓마무리,,,เชี่ยกาก
1348,젓만아,,,เชี่ยกุ
1349,젓만이,,,เชี่ยครวย
1350,젓만한게,,,เชี่ยควย
1351,젓물,,,เชี่ยควาย
1352,젓밥,,,เชี่ยคุวย
1353,젓빱,,,เชี่ยชิบ
1354,젓빺,,,เชี่ยชิบหาย
1355,젓어었더,,,เชี่ยชิหาย
1356,젓잡고,,,เชี่ยดอก
1357,젓카,,,เชี่ยตีน
1358,젖가,,,เชี่ยบ้าน
1359,젖같,,,เชี่ยป้อ
1360,젖까,,,เชี่ยพ่อ
1361,젖꺽쥐,,,เชี่ยพ่อง
1362,젖꺽지,,,เชี่ยฟราย
1363,젖꼭쥐,,,เชี่ยฟาย
1364,젖꼭지,,,เชี่ยระยำ
1365,젖대가리,,,เชี่ยสถุน
1366,젖더,,,เชี่ยสถุล
1367,젖도,,,เชี่ยส้นตรีน
1368,젖떠,,,เชี่ยส้นตีน
1369,젖또,,,เชี่ยสรัด
1370,젖마나,,,เชี่ยสัด
1371,젖만한,,,เชี่ยสัต
1372,젖밥,,,เชี่ยสัส
1373,젖빱,,,เชี่ยสาด
1374,젖빺,,,เชี่ยสาดด
1375,젖잡고,,,เซ็ก
1376,젖탱이,,,เซ็กจัด
1377,젗같,,,เซ็กซ์
1378,젗잡고,,,เด้า
1379,제수없다,,,เตี่ยม่องหรอ
1380,져까,,,เป.ร.ต.
1381,져꽈튼,,,เป็น ค ว ย อะไร
1382,져더,,,เปรด
1383,져떠,,,เปรต
1384,져빱,,,เมือกกาม
1385,졋같다,,,เย็ ด
1386,졎같다,,,เย็.ด
1387,조가튼,,,เยซู
1388,조가틍,,,เย็ด
1389,조건만남,,,เย้ด
1390,조까,,,เย๊ด
1391,조까치,,,เย็ต
1392,조까튼,,,เย็ท
1393,조깐냐,,,เลว!
1394,조깓,,,เลวมาก
1395,조깟,,,เลวสัด
1396,조깠,,,เลียแคม
1397,조깥,,,เลียแตด
1398,조깨,,,เลียครวย
1399,조께,,,เลียจิ๋ม
1400,조끗,,,เลียจู๋
1401,조끗네,,,เลียดอ
1402,조빠,,,เลียตีน
1403,조빱,,,เลียตูด
1404,조빺,,,เลียปลายตีน
1405,조쌔리뿔라,,,เลียฝ่าตีน
1406,조온나,,,เลียหมอย
1407,조옷,,,เลียหัวตีน
1408,조옷가튼,,,เลียหัวนม
1409,조옷같,,,เลียหี
1410,조옺,,,เวรตะไล
1411,조져버린다,,,เสียบเคย
1412,조진다,,,เสียบครวย
1413,조질래,,,เสียบจิ๋ม
1414,조카툰,,,เสียบจู๋
1415,족가튼,,,เสียบหมอย
1416,족가튼넘,,,เสียบหี
1417,족가튼년,,,เสียวจัง
1418,족간네,,,เสียวว้อย
1419,족갗,,,เสือก
1420,족같내,,,เห็ด
1421,족같네,,,เห็ดสด
1422,족같은,,,เหยด
1423,족까,,,เหย็ด
1424,족까치,,,เหี้ย
1425,존나,,,เอากันปะ
1426,존니,,,เอาทีดิ
1427,존라,,,เอาหัวนม
1428,존마,,,เฮี่ย
1429,존마난,,,เฮี้ย
1430,존마니,,,แ ต ด
1431,존만새끼,,,แ ตด
1432,존만아,,,แ ร ด
1433,존만한,,,แ รด
1434,존만히,,,แคม
1435,존먹어,,,แคมแตด
1436,졷,,,แคมจิ๋ม
1437,졸같은넘,,,แคมตูด
1438,졸까라,,,แคมหมอย
1439,좀마난,,,แคมหี
1440,좀마니,,,แดก
1441,좀물,,,แดกเชรี้ย
1442,좀쓰레기,,,แดกเชี่ย
1443,좁년,,,แดกเชี้ย
1444,좁물,,,แดกเมิง
1445,좁밥,,,แดกเห็ดสด
1446,좁빠라라,,,แดกเหี้ย
1447,좃가튼,,,แดกแคม
1448,좃간년,,,แดกแตด
1449,좃갔다,,,แดกแม่
1450,좃같,,,แดกแม่ง
1451,좃까,,,แดกแม่ม
1452,좃깟네,,,แดกแสรด
1453,좃깨,,,แดกโคด
1454,좃께,,,แดกโคตร
1455,좃나,,,แดกกรุ
1456,좃냄새,,,แดกกรู
1457,좃넘,,,แดกกะหรี่
1458,좃니재수야,,,แดกกุ
1459,좃대가리,,,แดกครวย
1460,좃대로,,,แดกจิ๋ม
1461,좃도,,,แดกจู๋
1462,좃떠,,,แดกชิบ
1463,좃또,,,แดกตรีน
1464,좃마무리,,,แดกตีน
1465,좃만아,,,แดกตูด
1466,좃만이,,,แดกปลายตรีน
1467,좃만한,,,แดกปลายตีน
1468,좃먹어,,,แดกป้อเมิง
1469,좃물,,,แดกฝ่าตรีน
1470,좃밥,,,แดกฝ่าตีน
1471,좃보지,,,แดกพ่อ
1472,좃봉지,,,แดกพ่อง
1473,좃부랄,,,แดกส้นตรีน
1474,좃빠구리,,,แดกส้นตีน
1475,좃빠네,,,แดกสรัด
1476,좃빠라,,,แดกสัด
1477,좃빱,,,แดกสัต
1478,좃빺,,,แดกสาด
1479,좃잡고,,,แดกสาดด
1480,좃털,,,แดกหมอย
1481,좆가튼,,,แดกหัวตรีน
1482,좆같,,,แดกหัวตีน
1483,좇가튼,,,แดกห่า
1484,좇같,,,แดกหี
1485,좋만한것,,,แต ด
1486,좌쉭,,,แตด
1487,좌슥,,,แทงเคย
1488,좝것,,,แทงครวย
1489,좨랄,,,แทงจิ๋ม
1490,좨수없다,,,แทงจู๋
1491,죠까틍,,,แทงตูด
1492,죠랄하네,,,แทงหมอย
1493,죠카태,,,แทงหี
1494,죠카테,,,แม่
1495,죠카툰,,,แม่ง
1496,죠콰떼,,,แมงดา
1497,죠콰태,,,แม่ตาย
1498,죠콰테,,,แม่ตายเหรอ
1499,죠콰퉤,,,แม่ตายหรอไงว่ะ
1500,죡,,,แม่มรึงตาย
1501,죤나,,,แม่มึงตาย
1502,죧같,,,แม่ย้อย
1503,죧만한,,,แมร่ง
1504,죳까,,,แย่เม็ด
1505,죵나,,,แสรด
1506,죶가튼,,,แหกแคม
1507,죶같은,,,แหกแตด
1508,주글년,,,แหกครวย
1509,주길년,,,แหกจิ๋ม
1510,죽구십냐,,,แหกจู๋
1511,죽구싶냐,,,แหกตีน
1512,죽을년,,,แหกตูด
1513,죽을놈,,,แหกฝ่าตีน
1514,죽이삔다,,,แหกรู
1515,죽일년,,,แหกส้นตีน
1516,죽일놈,,,แหกหมอย
1517,줴수없다,,,แหกหี
1518,쥐랄,,,แหวกแคม
1519,쥐럴,,,แหวกแตด
1520,쥐뢀,,,แหวกครวย
1521,쥐룰,,,แหวกจิ๋ม
1522,쥐세키,,,แหวกจู๋
1523,쥐이럴,,,แหวกตีน
1524,쥗,,,แหวกตูด
1525,즤랄,,,แหวกฝ่าตีน
1526,지랄,,,แหวกส้นตีน
1527,지럴,,,แหวกหมอย
1528,지롤,,,แหวกหี
1529,지뢀,,,โคดเชี่ย
1530,지룰,,,โคดเอี้ย
1531,지어미,,,โคดแม่
1532,지에미,,,โคดแม่ง
1533,지이랄,,,โคดแม่ม
1534,지이럴,,,โคดแมร่ง
1535,지져버려,,,โคดครวย
1536,지핥,,,โคดคุรวย
1537,질싸,,,โคดจังไร
1538,질알,,,โคดจัญไร
1539,질얼,,,โคดจันไร
1540,질올,,,โคดดอก
1541,질할,,,โคดตีน
1542,짜쥐,,,โคดป้อเมิง
1543,짜쥐털,,,โคดป้อมึง
1544,짜즤,,,โคดพ่อ
1545,짜지,,,โคดพ่อง
1546,짬지,,,โคดสัด
1547,짭새,,,โคดสัต
1548,짭쉐,,,โคดสาด
1549,쨔저,,,โค-ต-ร
1550,쨔져,,,โคตรเชี่ย
1551,쪼가리,,,โคตรเหี้ย
1552,쪼가튼,,,โคตรเอี้ย
1553,쪼갈,,,โคตรแม่
1554,쪼개지마,,,โคตรแม่ง
1555,쪼까,,,โคตรแม่ม
1556,쫃갇네,,,โคตรครวย
1557,쫃같네,,,โคตรคุรวย
1558,쫍밥,,,โคตรจังไร
1559,쫓같,,,โคตรจัญไร
1560,쬬개,,,โคตรจันไร
1561,쬬까,,,โคตรดอก
1562,쭀,,,โคตรตีน
1563,쭈둥아리,,,โคตรป้อเมิง
1564,쮜랄,,,โคตรป้อมึง
1565,찌랄,,,โคตรพ่อ
1566,찢어죽일년,,,โคตรพ่อง
1567,찢어죽일놈,,,โคตรสัด
1568,차앙녀,,,โคตรสัต
1569,창남,,,โคตรสาด
1570,창녀,,,โครตแม่
1571,창년,,,โครตพ่อ
1572,창놈,,,โครตพ่อโครตแม่
1573,창뇨,,,โม้ก
1574,창뇬,,,โม๊ก
1575,창여,,,โมกแตด
1576,처박다,,,โมกให้
1577,처죽일년,,,โมกครวย
1578,처죽일놈,,,โมกควย
1579,첫더,,,โมกคุวย
1580,쳐쑤셔박어,,,โมกจิ๋ม
1581,쳐죽인다,,,โมกจู๋
1582,쳐죽일것,,,โมกดอ
1583,쳐죽일년,,,โมกตูด
1584,쳐죽일놈,,,โมกหมอย
1585,쳤같다,,,โมกหี
1586,촌나시펄,,,โม้ค
1587,촌씨브라리,,,โม๊ค
1588,촌씨브랑이,,,โมคแตด
1589,촌씨브랭이,,,โมคให้
1590,촹뇬,,,โมคครวย
1591,춎마라라,,,โมคควย
1592,춎이다,,,โมคคุวย
1593,츠발,,,โมคจิ๋ม
1594,친넘,,,โมคจู๋
1595,캐병신,,,โมคดอ
1596,캐븅신,,,โมคตูด
1597,캐새끼,,,โมคหมอย
1598,캐쉐리,,,โมคหี
1599,캐쉑끼,,,โยกแตด
1600,컴색,,,โยกครวย
1601,컴세엑,,,โยกจิ๋ม
1602,컴섹,,,โยกจู๋
1603,컴쌕,,,โยกดอ
1604,컴쎅,,,โยกหี
1605,크리토리스,,,ในหลวง
1606,큰보지,,,ใอ้สัด
1607,클리토리스,,,ใอ้สัต
1608,튀껍냐,,,ไ อ่
1609,튀꼽,,,ไ อ้
1610,튀꼽냐,,,ไ.อ้.หั.ว.ถ.อ.ก
1611,티껍,,,ไ.อ้เ.ฮี้.ย
1612,티껍냐,,,ไปดูดนมแม่ไป
1613,티꼽,,,ไปตายซะ
1614,티꼽냐,,,ไปตายสะ
1615,티발,,,ไปตายห่า
1616,티이발,,,ไปหามารดาคุณ
1617,파큐,,,ไอ้
1618,패니스,,,ไอเชี่ย
1619,팰라치오,,,ไอเวน
1620,퍼르노,,,ไอเวร
1621,퍼큐,,,ไอครวย
1622,퍽유,,,ไอควาย
1623,퍽큐,,,ไอชาดชั่ว
1624,펀섹,,,ไอชาดหมา
1625,펔규,,,ไอชาติชั่ว
1626,펔뀨,,,ไอชาติหมา
1627,펔유,,,ไอฟราย
1628,펔큐,,,ไอฟาย
1629,페니스,,,ไอสัด
1630,페티걸,,,ไอสัต
1631,펠라치오,,,ไอสาด
1632,폐니스,,,ไอหอก
1633,폐티걸,,,ไอห่า
1634,폐티쉬,,,กระ ดอ
1635,폐티시,,,กระเจี้ยว
1636,포뀨,,,กระเจี๊ยว
1637,포로너,,,กระเจี๋ยว
1638,포로느,,,กระเด้า
1639,포르나,,,กระจู
1640,포르너,,,กระจู๋
1641,포르노,,,กระดอ
1642,포르로,,,กระทวย
1643,포온섹,,,กระรี่
1644,포큐,,,กระสัน
1645,폭뀨,,,กระหรี่
1646,폰색,,,กะเจี๊ยว
1647,폰섹,,,กะโปก
1648,폰쎅,,,กะดอ
1649,풀알,,,กะสัน
1650,할타,,,กะหรี่
1651,함주까,,,กัดครวย
1652,허뎝,,,กัดจิ๋ม
1653,허버리년,,,กัดจู๋
1654,헐렁보지,,,กัดดอ
1655,헴타이,,,กัดตูด
1656,혀로보지핧기,,,กัดหมอย
1657,혀로보지핱기,,,กัดหี
1658,호구쉐끼,,,กาเจี้ยว
1659,호냥년,,,กาก
1660,호러세귀,,,กาจู๋
1661,호빠,,,กาดอ
1662,호양년,,,กาหรี่
1663,호오로,,,ขนแตด
1664,호테스바,,,ขนครวย
1665,호테스빠,,,ขนจิ๋ม
1666,혼음,,,ขนจู๋
1667,홍어,,,ขนตูด
1668,화냥년,,,ขนหมอย
1669,화냥뇬,,,ขย่มเมิง
1670,후다,,,ขย่มแตด
1671,후라덜넘,,,ขย่มแม่
1672,후라들년,,,ขย่มแม่ง
1673,후래자식,,,ขย่มแม่ม
1674,후뢰자식,,,ขย่มครวย
1675,후릴년,,,ขย่มจิ๋ม
1676,후장,,,ขย่มจู๋
1677,후좡,,,ขย่มตูด
1678,흐접쌔끼,,,ขย่มพ่อ
1679,*노,,,ขย่มพ่อง
1680,*하노,,,ขย่มรู
1681,@!@,,,ขย่มหี
1682,18년,,,ขอรวมเพศหน่อย
1683,18놈,,,ขายไอดี
1684,18새끼,,,ขายตัว
1685,10발넘,,,ค . ว . ย
1686,10발년,,,ค ร ว ย
1687,10발놈,,,ค ร วย
1688,10발눔,,,ค รว ย
1689,10밸넘,,,ค รวย
1690,10밸놈,,,ค ว ย
1691,10밸늠,,,ค ว า ย
1692,10새끼,,,ค วย
1693,10새리,,,ค วา ย
1694,10쎄끼,,,ค*ย
1695,10앨넘,,,ค*ว*ย
1696,10앨놈,,,ค*วย
1697,10앨늠,,,ค......................................ย
1698,10팔년,,,ค........ว............ย.........
1699,10팔놈,,,ค.......ว*******p
1700,10팔연,,,ค.......ว*******ย
1701,10할년,,,ค.....ว...........ย
1702,10할연,,,ค....ว.....ย
1703,18세끼,,,ค...ย
1704,18쎄리,,,ค...ว...ย
1705,18쒜끼,,,ค..ย
1706,18쒜리,,,ค..ว..ย
1707,18쒝끼,,,ค..ว..ย..
1708,18씨끼,,,ค.ร.ว.ย
1709,18냔,,,ค.รวย
1710,18눔,,,ค.ว.ย
1711,18쇠끼,,,ค.ว.ย.
1712,18쉑끼,,,ค.วย
1713,69전문,,,ค//ว//ย
1714,ABUSE,,,ค/ว/ย
1715,anal,,,ค^ว^ย
1716,annal,,,ค~ว~ย
1717,anul,,,ค\ว\ย
1718,APFHD,,,ค+ว+ย
1719,arabozi,,,คvย
1720,ASS,,,คคคคคคววววววววววยยยยยย
1721,asshole,,,ค-ย
1722,bastard,,,คร วย 
1723,BDSM,,,ครว ย
1724,Beaber,,,ครวย
1725,BESTBOZI,,,คร-วย
1726,BINYA,,,ค-ร-ว-ย
1727,bo지,,,ครวยเกย์
1728,callgirl,,,ครวยเกรียน
1729,CARPORNO,,,ครวยเงี่ยน
1730,CLUBERO,,,ครวยเชรี้ย
1731,COMESEK,,,ครวยเชี่ย
1732,CONDOM,,,ครวยเชี้ย
1733,ECSTASY,,,ครวยเท่า
1734,ERO,,,ครวยเปรด
1735,Faggot,,,ครวยเปรต
1736,fellatio,,,ครวยเปียก
1737,FEMSUB,,,ครวยเล็ก
1738,fetish,,,ครวยเล้ก
1739,fucku,,,ครวยเหี้ย
1740,FuckingAsshole,,,ครวยเอี้ย
1741,FuckingBastard,,,ครวยแม่
1742,fuck-you,,,ครวยแม่ง
1743,GABOZI,,,ครวยแม่ม
1744,gay,,,ครวยแมร่ง
1745,homo,,,ครวยแสรด
1746,HOTBOJY,,,ครวยแหก
1747,ja지,,,ครวยใหญ่
1748,jokka,,,ครวยกรุ
1749,KIA,,,ครวยกรู
1750,lesbian,,,ครวยกะเทย
1751,lesbo,,,ครวยกุ
1752,lessy,,,ครวยกู
1753,Meatpuppet,,,ครวยควาย
1754,nude,,,ครวยจังไร
1755,oral,,,ครวยจัญไร
1756,orgasm,,,ครวยจันไร
1757,panis,,,ครวยจิ๋ว
1758,PETISH,,,ครวยตั้ง
1759,PHONE색,,,ครวยตุ๊ด
1760,PJ,,,ครวยน้ำแตก
1761,PLAYBO,,,ครวยบวม
1762,SausageJockey,,,ครวยบ้าน
1763,sex해,,,ครวยป้อเมิง
1764,sex하자,,,ครวยป้อมึง
1765,ssiba,,,ครวยป๊ะ
1766,strip,,,ครวยพ่อ
1767,swap,,,ครวยพอง
1768,TVBOZI,,,ครวยพ่อง
1769,UncleFucker,,,ครวยพัง
1770,YAHANNOM,,,ครวยฟราย
1771,ㄱㅐ넘,,,ครวยฟาย
1772,ㄱㅐ년,,,ครวยยั่ย
1773,ㄱㅐ놈,,,ครวยยืด
1774,ㄱㅐㅅㅐㄲㅣ,,,ครวยระยำ
1775,ㄱㅐㅅㅐ끼,,,ครวยล่ำ
1776,ㄱㅐ늠,,,ครวยสรัด
1777,ㄱㅐ지랄,,,ครวยสัด
1778,ㄱH뇬,,,ครวยสัต
1779,ㄱR슴,,,ครวยสัส
1780,ㄱㅐ눔,,,ครวยสาด
1781,ㄱㅐ조옷,,,ครวยหด
1782,ㄱㅐ새ㄲㅣ,,,ครวยหนัก
1783,ㄱㅐ새끼,,,ครวยหย่าย
1784,가랑이,,,ครวยห่า
1785,가슴,,,ครวยหี
1786,가슴만져,,,คว ย
1787,가슴빨아,,,คว*
1788,가슴빨어,,,คว*ย
1789,가슴조물락,,,คว...............ย
1790,가슴주물럭,,,คว.ย
1791,가슴쪼물딱,,,ควญ
1792,가슴쪼물락,,,ควย
1793,가슴핧아,,,คว-ย
1794,가슴핧어,,,คว--ย
1795,간잽이,,,ค-วย
1796,가카,,,ค-ว-ย
1797,간철수,,,ค---ว---ย
1798,갓베,,,คว-ย 
1799,갓카,,,คววย
1800,강간한다,,,ควววย
1801,개가튼년,,,คววววย
1802,개가튼뇬,,,ควววววย
1803,개같은년,,,คววววววย
1804,개고치,,,ควววววววย
1805,개너미,,,คววววววววย
1806,개라슥,,,ควววววววววย
1807,개부달,,,คววววววววววย
1808,개ㅅㅐㄲㅣ,,,ควววววววววววย
1809,개새야,,,คว-าย
1810,개색기,,,ค-ว-า-ย
1811,개색끼,,,ควายเอ้ย
1812,개샛키,,,ควายจริงๆ
1813,개샛끼,,,ควายจิงๆ
1814,개샤킥,,,ควายย
1815,개샥,,,คอ-ว-ย
1816,개섺,,,คาครวย
1817,개셃,,,คาจิ๋ม
1818,개셋키,,,คาจู๋
1819,개셐,,,คาหมอย
1820,개솩,,,คาหี
1821,개쇗,,,คุวย
1822,개쇸,,,ฅ ว ย
1823,개쉐리,,,ฅ วย
1824,개쉐키,,,ฅว ย
1825,개쉑기,,,ฅวย
1826,개쉑끼,,,ฅว-ย
1827,개쉑키,,,ฅ-วย
1828,개쉢,,,ฅ-ว-ย
1829,개쉨,,,ฆ วย
1830,개싀기,,,ฆว ย
1831,개싀끼,,,ฆวย
1832,개싀밸,,,ฆ่าแม่ง
1833,개싀킈,,,ฆ่าแม่ม
1834,개싀키,,,ฆ่าพ่อง
1835,개싏,,,จรรไร
1836,개싘,,,จัง ไร
1837,개싯기,,,จังไร
1838,개싯끼,,,จัญไร
1839,개싴,,,จันไร
1840,개쌍눔,,,จิ๋มเช้ด
1841,개쌍늠,,,จิ๋มเชร้ด
1842,개쌍연,,,จิ๋มเชรี้ย
1843,개쌕,,,จิ๋มเชี่ย
1844,개썅년,,,จิ๋มเชี้ย
1845,개썅연,,,จิ๋มเน่า
1846,개쒜,,,จิ๋มเปรด
1847,개쒜끼,,,จิ๋มเปรต
1848,개쒝기,,,จิ๋มเปียก
1849,개쒝끼,,,จิ๋มเมิง
1850,개쒸,,,จิ๋มเย็ด
1851,개씨끼,,,จิ๋มเย้ด
1852,개씨팕,,,จิ๋มเล็ก
1853,개씨발넘,,,จิ๋มเล้ก
1854,개씨발자슥,,,จิ๋มเห็ดสด
1855,개자싁,,,จิ๋มเหม็น
1856,개후라년,,,จิ๋มเหี้ย
1857,개후라들놈,,,จิ๋มเหี่ยว
1858,개후라새끼,,,จิ๋มเอี้ย
1859,개가턴,,,จิ๋มแดก
1860,개같은놈,,,จิ๋มแม่
1861,개거얼레,,,จิ๋มแม่ง
1862,개같은뇬,,,จิ๋มแม่ม
1863,개거얼래,,,จิ๋มแรด
1864,개걸래,,,จิ๋มแสรด
1865,개너마,,,จิ๋มแหก
1866,개노마,,,จิ๋มแห้ง
1867,개농아,,,จิ๋มใหญ่
1868,개뇨나,,,จิ๋มกรุ
1869,개느마,,,จิ๋มกรู
1870,개또라이,,,จิ๋มกะเทย
1871,개박살,,,จิ๋มกะหรี่
1872,개보지년,,,จิ๋มกุ
1873,개부럴,,,จิ๋มกู
1874,개부알,,,จิ๋มขึ้นรา
1875,개새ㄲㅣ,,,จิ๋มครวย
1876,개새꺄,,,จิ๋มควย
1877,개새리,,,จิ๋มควาย
1878,개새이,,,จิ๋มคุวย
1879,개색꺄,,,จิ๋มจังไร
1880,개색뀌,,,จิ๋มจัญไร
1881,개색휘,,,จิ๋มจันไร
1882,개색히,,,จิ๋มชะนี
1883,개세끼,,,จิ๋มช้าง
1884,개셰이,,,จิ๋มตุ๊ด
1885,개쇄끼,,,จิ๋มบวม
1886,개쇅갸,,,จิ๋มบาง
1887,개쇅기,,,จิ๋มบาน
1888,개쇅꺄,,,จิ๋มบ้าน
1889,개쇅끼,,,จิ๋มประถม
1890,개쇅캬,,,จิ๋มปลวก
1891,개쇅키,,,จิ๋มป้อเมิง
1892,개쇗기,,,จิ๋มป้อมึง
1893,개쉐뀌,,,จิ๋มป๊ะ
1894,개쉐끼,,,จิ๋มพ่อ
1895,개쉐이,,,จิ๋มพอง
1896,개쉑갸,,,จิ๋มพ่อง
1897,개쉑꺄,,,จิ๋มพัง
1898,개쉑아,,,จิ๋มมด
1899,개쉑이,,,จิ๋มมหาลัย
1900,개쉑캬,,,จิ๋มมึง
1901,개쉑히,,,จิ๋มระยำ
1902,개스래기,,,จิ๋มร้าง
1903,개스레기,,,จิ๋มร่าน
1904,개십팔,,,จิ๋มลอก
1905,개쌍영,,,จิ๋มสถุน
1906,개쌔꺄,,,จิ๋มสถุล
1907,개쌔끼,,,จิ๋มส้นตรีน
1908,개쌕끼,,,จิ๋มส้นตีน
1909,개썅넘,,,จิ๋มสรัด
1910,개썅놈,,,จิ๋มสัด
1911,개썅늠,,,จิ๋มสัต
1912,개쎄,,,จิ๋มสาด
1913,개쎅,,,จิ๋มสุก
1914,개쐐리,,,จิ๋มหนา
1915,개쒝,,,จิ๋มหยั่ย
1916,개쒝갸,,,จิ๋มหย่าย
1917,개쒝꺄,,,จิ๋มห่า
1918,개쒝캬,,,จิ๋มอนุบาล
1919,개쒝키,,,จีเอ็ม
1920,개쒯,,,จุลจอมเกล้า
1921,개쒹기,,,จุฬาลงกรณ์
1922,개씁년,,,จู๋
1923,개씁블,,,จู๋เกย์
1924,개씁자지,,,จู๋เกรียน
1925,개씌끼,,,จู๋เงี่ยน
1926,개씨발뇸,,,จู๋เชรี้ย
1927,개씹창,,,จู๋เชี่ย
1928,개씹팔,,,จู๋เชี้ย
1929,개애걸래,,,จู๋เท่า
1930,개에가튼,,,จู๋เบา
1931,개에걸래,,,จู๋เปียก
1932,개염창,,,จู๋เล็ก
1933,개작두넘,,,จู๋เล้ก
1934,개작두년,,,จู๋เหี้ย
1935,개잡뇬,,,จู๋เหี่ยว
1936,개저가튼,,,จู๋เอี้ย
1937,개저엇,,,จู๋แดก
1938,개젓,,,จู๋แม่
1939,개젖,,,จู๋แม่ง
1940,개좆같은,,,จู๋แม่ม
1941,개좆같은넘,,,จู๋แมร่ง
1942,개지랄넘,,,จู๋แสรด
1943,개지랄놈,,,จู๋แหก
1944,개차반,,,จู๋ใหญ่
1945,개팔,,,จู๋กรุ
1946,개호로년,,,จู๋กรู
1947,개호로새끼,,,จู๋กะเทย
1948,개후라,,,จู๋กาก
1949,개후랄,,,จู๋กุ
1950,개후레,,,จู๋กู
1951,개후장,,,จู๋ครวย
1952,갸슴,,,จู๋ควย
1953,걔잡넘,,,จู๋ควาย
1954,걔잡뇬,,,จู๋คุวย
1955,거래,,,จู๋จ่อหี
1956,거시기,,,จู๋จังไร
1957,걸레같은년,,,จู๋จัญไร
1958,걸레보지,,,จู๋จันไร
1959,걸래넘,,,จู๋จิ๋ว
1960,걸래놈,,,จู๋ช้าง
1961,걸레,,,จู๋ตั้ง
1962,걸레가튼넘,,,จู๋ตุ๊ด
1963,걸레가튼뇸,,,จู๋น้ำแตก
1964,걸레같은놈,,,จูบแคม
1965,걸레년,,,จูบแตด
1966,걸레핀년,,,จูบครวย
1967,겁탈,,,จูบจิ๋ม
1968,게너마,,,จูบจู๋
1969,게노마,,,จูบตีน
1970,게놈,,,จูบตูด
1971,게뇨나,,,จูบปลายตีน
1972,게뇸,,,จูบฝ่าตีน
1973,게느마,,,จู๋บวม
1974,게띠발넘,,,จูบหมอย
1975,게부랄,,,จูบหัวตีน
1976,게부알,,,จูบหี
1977,게새,,,จู๋ป้อเมิง
1978,게새리,,,จู๋ป้อมึง
1979,게새이,,,จู๋ป๊ะ
1980,게색기,,,จู๋พ่อ
1981,게색끼,,,จู๋พอง
1982,게세꺄,,,จู๋พ่อง
1983,게세끼,,,จู๋พัง
1984,게쉑아,,,จู๋ฟราย
1985,게쉑캬,,,จู๋ฟาย
1986,게쉑키,,,จู๋มด
1987,게스끼,,,จู๋ยั่ย
1988,게스래기,,,จู๋ระยำ
1989,게스키,,,จู๋ล่อ
1990,게시퀴,,,จู๋สรัด
1991,게쌔,,,จู๋สัด
1992,게쌔기,,,จู๋สัต
1993,게쌕,,,จู๋สัส
1994,게쌕끼,,,จู๋สาด
1995,게쎄,,,จู๋หด
1996,게쎅,,,จู๋หนัก
1997,게쒝,,,จู๋หมา
1998,게쓰래기,,,จู๋หย่าย
1999,게쓰레기,,,จู๋ห่า
2000,게씨발넘,,,จู๋หี
2001,게에가튼,,,ชักว่าว
2002,게잡넘,,,ชั่วช้า
2003,게잡년,,,ชาติชั่ว
2004,게잡뇬,,,ชาติหมา
2005,게저엇,,,ชิงหมาเกิด
2006,게젓가튼넘,,,ชิบหาย
2007,게지랄,,,ชิหาย
2008,게지랄놈,,,ด อ
2009,게호로년,,,ดอกเชรี้ย
2010,게호로놈,,,ดอกเชี่ย
2011,게호로새끼,,,ดอกเชี้ย
2012,경상디언,,,ดอกเหี้ย
2013,고환,,,ดอกเอี้ย
2014,고공섹스,,,ดอกแม่ง
2015,고담,,,ดอกแม่ม
2016,고무통,,,ดอกครวย
2017,고우섹스,,,ดอกควย
2018,고자,,,ดอกคุวย
2019,고추,,,ดอกชิบหาย
2020,고투에로,,,ดอกชิหาย
2021,고패티쉬,,,ดอกทอง
2022,고픈녀,,,ดอกป้อเมิง
2023,고픈여,,,ดอกป้อมึง
2024,공짜캐시,,,ดอกป๊ะ
2025,공짜버그,,,ดอกพ่อ
2026,공짜충전,,,ดอกพ่อง
2027,공짜캐쉬,,,ดอกร่าน
2028,과메기,,,ดอกสรัด
2029,과부촌,,,ดอกสัด
2030,광년,,,ดอกสัต
2031,광뇨니,,,ดอกสาด
2032,광뇬,,,ดอกห่า
2033,괴가튼,,,ดองทอง
2034,교성,,,ดูดแคม
2035,구멍에쑤실까,,,ดูดแตด
2036,굴래머,,,ดูดครวย
2037,굴레머,,,ดูดจิ๋ม
2038,굿섹스클럽,,,ดูดจู๋
2039,궁뎅이,,,ดูดตีน
2040,궁둥이,,,ดูดตูด
2041,귀두,,,ดูดปลายตีน
2042,그네,,,ดูดปาก
2043,그룹섹,,,ดูดฝ่าตีน
2044,그룹섹스,,,ดูดลิ้น
2045,근친,,,ดูดหมอย
2046,근친충,,,ดูดหัวตีน
2047,기분좋다,,,ดูดหัวนม
2048,김대중,,,ดูดหี
2049,김치녀,,,ดูหัวนม
2050,까보전,,,ต ูด
2051,깨쌔꺄,,,ตรีน
2052,깨썌꺄,,,ตอแหล
2053,꺠썌끼,,,ตี น
2054,꺼추,,,ตีฉิ่ง
2055,꼬추,,,ตีน
2056,꼬츄,,,ตุ๋ย
2057,꼴려,,,ตุ๋ยเกย์
2058,꽁까,,,ตุ๋ยเคย
2059,끈팬티,,,ตุ๋ยเชี่ย
2060,ㄴㅣㄱㅣㅁㅣ,,,ตุ๋ยเมิง
2061,나를싸게,,,ตุ๋ยแตด
2062,나체,,,ตุ๋ยแม่
2063,낙태아,,,ตุ๋ยแม่ง
2064,난교,,,ตุ๋ยแม่ม
2065,난자마셔,,,ตุ๋ยครวย
2066,난자먹어,,,ตุ๋ยจิ๋ม
2067,난자핧아,,,ตุ๋ยจู๋
2068,남근,,,ตุ๋ยชะนี
2069,남녀섹시속옷,,,ตุ๋ยดอ
2070,남녀자위기구,,,ตุ๋ยตีน
2071,남성단련용품,,,ตุ๋ยตุ๊ด
2072,남성자위기구,,,ตุ๋ยตูด
2073,넌좃밥,,,ตุ๋ยนม
2074,넣게벌려,,,ตุ๋ยพ่อ
2075,넣고싶어,,,ตุ๋ยพ่อง
2076,넣고싸고,,,ตุ๋ยส้นตีน
2077,네다통,,,ตุ๋ยสัด
2078,네다홍,,,ตุ๋ยสัต
2079,네버섹스,,,ตุ๋ยสาด
2080,년,,,ตุ๋ยหน้า
2081,노팬티,,,ตุ๋ยหมอย
2082,노고무,,,ตุ๋ยหี
2083,노모,,,ตู ด
2084,노무현,,,ตูด
2085,노브라,,,ตูดเกย์
2086,노콘,,,ตูดเชี่ย
2087,노팬,,,ตูดเปรด
2088,노팬츠,,,ตูดเปรต
2089,뇬,,,ตูดเมิง
2090,누드,,,ตูดเย็ด
2091,누나강간,,,ตูดแดก
2092,누나몸,,,ตูดแม่
2093,누두,,,ตูดแม่ง
2094,누드몰카,,,ตูดแม่ม
2095,누드뮤직,,,ตูดแหก
2096,누드사진,,,ตูดแหวก
2097,누드섹스,,,ตูดกรุ
2098,누드쇼,,,ตูดกรู
2099,누드스케치,,,ตูดกะเทย
2100,누드집,,,ตูดกะหรี่
2101,누드천사,,,ตูดกุ
2102,누드커플,,,ตูดขี้
2103,누드클럽,,,ตูดครวย
2104,누드필름,,,ตูดจิ๋ม
2105,누드화보,,,ตูดชะนี
2106,뉭기랄,,,ตูดตุ๊ด
2107,뉭기럴,,,ตูดบวม
2108,니미랄,,,ตูดบาง
2109,니미럴,,,ตูดบาน
2110,니미롤,,,ตูดป้อ
2111,니씨브랄,,,ตูดป๊ะ
2112,니아비,,,ตูดพ่อ
2113,니좆,,,ตูดพ่อง
2114,닝기럴,,,ตูดพัง
2115,다구리,,,ตูดล่อ
2116,다리벌려,,,ตูดสัด
2117,다리벌리,,,ตูดสัต
2118,다보자성인영화관,,,ตูดสั่น
2119,다음섹스,,,ตูดสาด
2120,다이섹스,,,ตูดหนา
2121,다이쥬,,,ตูดหมอย
2122,다카기,,,ตูดห่า
2123,닭그네,,,ตูดหี
2124,닭근혜,,,ถอก
2125,대박성인토탈몰,,,ถ่อย
2126,더어엉신,,,ถุย
2127,더티섹스,,,ทุเรศ
2128,덥치기,,,นเรศวร
2129,덥침,,,นมใหญ่จัง
2130,도요타,,,นมทะลัก
2131,도촬,,,น่าม่อ
2132,도쿄섹스,,,นายเด็กเวร
2133,도쿄섹스NIPON,,,นายเปรต
2134,돈복사,,,นายเป-รต
2135,돌은놈,,,นายเลว
2136,동생강간,,,นายเวร
2137,두두섹스,,,นายเสี่ยว
2138,두부외상,,,นายโง่
2139,드으응신,,,นายชาติชั่ว
2140,디지털섹스조선,,,นายชาติหมา
2141,딜도,,,นายชิงหมาเกิด
2142,따먹은년,,,นายชิบหาย
2143,따먹자,,,นายดอแหลน
2144,따아알따리,,,นายดอก
2145,따아알따아리,,,นายทุเรศ
2146,따알따리,,,นายนรก
2147,딸달이,,,นายบัดซบ
2148,딸딸이,,,นายปากหมา
2149,딸치,,,นายลูกกระหรี่
2150,땅크,,,นายลูกหมา
2151,떠어라아이,,,นายสราด
2152,떠어라이,,,นายสราดดดดดด
2153,떡쳐라,,,นายสักหมา
2154,떡칠녀,,,นายสัด
2155,또라이,,,นายสัดกะหมา
2156,또오라아이,,,นายสัดหมา
2157,또오라이,,,นายสัต
2158,똥구멍,,,นายสัตย์
2159,똥꾸녕,,,นายสัตร์
2160,띠발,,,นายสัตว
2161,띠발뇬,,,นายสันดาน
2162,띠블넘,,,นายสาด
2163,띠부우울,,,นายสารเลว
2164,띠부울,,,นายหน้าโง่
2165,띠브울,,,นายหน้าดอ
2166,띠이바알,,,นายหน้าด้าน
2167,띠이발,,,นายหน้าตัวเมีย
2168,띠이버얼,,,นายหน้าปิ๊
2169,띠이벌,,,นายหน้ามึน
2170,띠이이발,,,นายหน้าหมา
2171,띠이이벌,,,นายหอก
2172,라노비아섹스샵,,,นายหอยย่น
2173,라이브스트립,,,นายหัวถอก
2174,라이브섹스,,,นายห่า
2175,래즈,,,นายอ่อน
2176,래즈비언,,,น่าหม้อ
2177,러브박사성인용품,,,น้ำแตก
2178,러브베드,,,น้ำกาม
2179,러브섹시클럽,,,น้ำว่าว
2180,러브하자성인용품,,,บริการทางเพศ
2181,러브호텔,,,บ๊วบ
2182,러시아걸,,,บัก!
2183,레드섹스TV,,,บัดซบ
2184,레이디가카,,,บีบหัวนม
2185,레이디각하,,,ปลายตรีน
2186,레즈,,,ปลายตีน
2187,로린이,,,ปิ๊
2188,리얼섹,,,ปี้
2189,리얼섹스플레이,,,ฝ่าตรีน
2190,리얼에로,,,ฝ่าตรีนเชี่ย
2191,ㅁㅣㅊㅣㄴ,,,ฝ่าตรีนเมิง
2192,마니아섹스,,,ฝ่าตรีนแม่
2193,마더뻑,,,ฝ่าตรีนแม่ง
2194,마더퍽,,,ฝ่าตรีนแม่ม
2195,마사오,,,ฝ่าตรีนกรุ
2196,마스터베이션,,,ฝ่าตรีนกรู
2197,막간놈,,,ฝ่าตรีนกุ
2198,막간뇬,,,ฝ่าตรีนครวย
2199,막간뇸,,,ฝ่าตรีนชิบ
2200,막대줘?,,,ฝ่าตรีนป้อ
2201,만져볼래,,,ฝ่าตรีนพ่อ
2202,만져주께,,,ฝ่าตรีนพ่อง
2203,만져줄년,,,ฝ่าตรีนสัด
2204,만지는중,,,ฝ่าตรีนสัต
2205,맛간놈,,,ฝ่าตรีนสาด
2206,맛간뇬,,,ฝ่าตรีนห่า
2207,맛간늠,,,ฝ่าตีน
2208,맛간쉑,,,ฝ่าตีนเชี่ย
2209,맛간쉨,,,ฝ่าตีนเมิง
2210,망나니,,,ฝ่าตีนแม่
2211,망가,,,ฝ่าตีนแม่ง
2212,맞간년,,,ฝ่าตีนแม่ม
2213,명박,,,ฝ่าตีนกรุ
2214,모노섹스,,,ฝ่าตีนกรู
2215,모링이,,,ฝ่าตีนกุ
2216,모텔,,,ฝ่าตีนครวย
2217,목따,,,ฝ่าตีนชิบ
2218,몰카,,,ฝ่าตีนป้อ
2219,몸뚱이줄께,,,ฝ่าตีนพ่อ
2220,몸안에사정,,,ฝ่าตีนพ่อง
2221,몸좀,,,ฝ่าตีนสัด
2222,몸캠,,,ฝ่าตีนสัต
2223,몸켐,,,ฝ่าตีนสาด
2224,무료망가,,,ฝ่าตีนห่า
2225,무료몰카,,,พ่ อ มึ ง ตา ย
2226,무료성인,,,พระเจ้า
2227,무료성인동영상,,,พระเจ้าแผ่นดิน
2228,무료성인만화,,,พระเจ้าตาก
2229,무료성인방송,,,พระเจ้าอยู่หัว
2230,무료성인싸이트,,,พระเทพ
2231,무료성인엽기,,,พระเยซู
2232,무료성인영화,,,พระจอมเกล้า
2233,무료성인정보,,,พระนเรศวร
2234,무료섹스,,,พระนั่งเกล้า
2235,무료섹스동영상,,,พระบรม
2236,무료섹스사이트,,,พระบรมโกศ
2237,무료야설,,,พระพุทธเจ้า
2238,무료포르노,,,พระราชา
2239,무료포르노동영상,,,พระราชินี
2240,무삭제원판,,,พระองค์
2241,무전망가,,,พระอัลเลาะห์
2242,무한계정,,,พ่อ die
2243,무현,,,พ่อเมิง
2244,문제인,,,พ่อเมิงตาย
2245,문죄인,,,พ่อแม่ไม่ได้สั่งสอน
2246,미친넘,,,พ่อแม่ไม่สั่งสอน
2247,미친눔,,,พ่อแย่จังตาย
2248,미친새끼,,,พ่อไม่สั่งสอน
2249,미틴것,,,พ่อคิงแม่คิง
2250,미국포르노,,,พ่อคิงหยั่ง
2251,미소녀섹스가이드,,,พ่อคุณเหรอ
2252,미스누드,,,พ่อง
2253,미스터콘돔,,,พ่อตาย
2254,미췬년,,,พ่อมรึงตาย
2255,미췬놈,,,พ่อมรึงสิ
2256,미치인,,,พ่อมึงตาย
2257,미친,,,พ่อสิ้น
2258,미친구녕,,,พ่อหลวง
2259,미친구멍,,,พุทธยอดฟ้า
2260,미친뇸,,,ฟัก ยู
2261,미친뇽,,,ฟักยู
2262,미친늠,,,ฟ้าชาย
2263,미친쉐이,,,ภูมิพล
2264,미친쉑,,,มงกุฎเกล้า
2265,미친쉨,,,มรึง
2266,미친씨부랄,,,มึ ง
2267,미틴년,,,มึง
2268,미틴놈,,,มึ-ง
2269,미틴뇬,,,ยอดแตด
2270,미틴뇸,,,ยอดครวย
2271,미틴눔,,,ยอดจิ๋ม
2272,밑구녕빨기,,,ยอดจู๋
2273,밑창,,,ยอดตรีน
2274,ㅂㅓ즤,,,ยอดตีน
2275,ㅂㅣㅇㅅㅣㄴ,,,ยอดตูด
2276,ㅂㅂㅏ구ㄹㅣ,,,ยอดฝ่าตรีน
2277,ㅂㅂㅏ구리,,,ยอดฝ่าตีน
2278,바보새끼,,,ยอดหมอย
2279,바주카자지,,,ยอดห่า
2280,박고빼고,,,ยอดหี
2281,박고싶,,,ยักสุเน็ต
2282,박근혜,,,ยัดแม่
2283,박을께,,,ร่วมเพศ
2284,박을년,,,ระยำ
2285,박정희,,,รัชกาล
2286,밖에다쌀께,,,ราชวงศ์
2287,발기,,,ร่าน
2288,발정,,,รุมโทรม
2289,밟아버,,,รูเชี่ย
2290,밤일,,,รูแตด
2291,배갈라,,,รูแม่
2292,배위에싸,,,รูแม่ง
2293,배위에싸죠,,,รูแม่ม
2294,백보디,,,รูแหก
2295,버따리자지,,,รูครวย
2296,버어어지,,,รูจิ๋ม
2297,버어어지이,,,รูจู๋
2298,버어지,,,รูตีน
2299,버어지이,,,รูตุ๋ย
2300,버지구녕,,,รูฝ่าตีน
2301,버지구멍,,,รูพ่อ
2302,버지냄새,,,รูพ่อง
2303,버지뚫어,,,รูวาน
2304,버지벌려,,,รูวาร
2305,버지쑤셔,,,รูส้นตีน
2306,버지따먹기,,,รูหมอย
2307,벌려,,,รูหี
2308,벌릴,,,ลงแขก
2309,벌릴여자,,,ล้มเจ้า
2310,벗겨보니,,,ล่อเชี่ย
2311,벗고,,,ล่อแตด
2312,변땅크,,,ล่อแม่
2313,볍진,,,ล่อครวย
2314,병슨,,,ล่อจิ๋ม
2315,병싄,,,ล่อจู๋
2316,병신,,,ล่อตรีน
2317,병신육갑,,,ล่อตีน
2318,보지,,,ล่อตูด
2319,"보,지",,,ล่อส้นตรีน
2320,보.지,,,ล่อส้นตีน
2321,보밍,,,ล่อสัดๆ
2322,보빨러,,,ล่อหมอย
2323,보슬보슬,,,ล่อห่า
2324,보지물,,,ล่อหี
2325,보지걸,,,ลาวสัด
2326,보지구멍,,,ลูกอีกะหรี่
2327,보지나라,,,ลูกอีดอกทอง
2328,보지녀,,,ลูกอีสาด
2329,보지년,,,ศรีรัตน์
2330,보지털,,,สถุน
2331,보혐,,,สถุล
2332,부들부들,,,ส้นตรีน
2333,부랄,,,ส้นตรีนเชี่ย
2334,부릉부릉,,,ส้นตรีนเมิง
2335,부부섹스,,,ส้นตรีนแม่
2336,브라,,,ส้นตรีนแม่ง
2337,브래지어,,,ส้นตรีนแม่ม
2338,빙시,,,ส้นตรีนโคด
2339,빠가,,,ส้นตรีนโคตร
2340,빠굴이,,,ส้นตรีนกรุ
2341,빠큐,,,ส้นตรีนกรู
2342,빡유,,,ส้นตรีนกุ
2343,빡큐,,,ส้นตรีนครวย
2344,빨게해,,,ส้นตรีนชิบ
2345,빨어핥어박어,,,ส้นตรีนป้อ
2346,빨통,,,ส้นตรีนพ่อ
2347,빽큐,,,ส้นตรีนพ่อง
2348,뻑구,,,ส้นตรีนสัด
2349,뽁유,,,ส้นตรีนสัต
2350,뾰큐,,,ส้นตรีนสาด
2351,ㅄ,,,ส้นตรีนห่า
2352,ㅅㅅㅣㅍㅏㄹ,,,ส้นตีน
2353,사이버섹스,,,ส้นตีนเชี่ย
2354,사정,,,ส้นตีนเมิง
2355,사타구니,,,ส้นตีนแม่
2356,삼일한,,,ส้นตีนแม่ง
2357,상타취,,,ส้นตีนแม่ม
2358,색골,,,ส้นตีนโคด
2359,색광,,,ส้นตีนโคตร
2360,색스코리아,,,ส้นตีนกรุ
2361,색파트너,,,ส้นตีนกรู
2362,생퀴,,,ส้นตีนกุ
2363,서양뽀르노,,,ส้นตีนครวย
2364,설라디언,,,ส้นตีนชิบ
2365,성경험,,,ส้นตีนป้อ
2366,성관계,,,ส้นตีนพ่อ
2367,성폭행,,,ส้นตีนพ่อง
2368,성감대,,,ส้นตีนสัด
2369,성과섹스,,,ส้นตีนสัต
2370,성교,,,ส้นตีนสาด
2371,성교제,,,ส้นตีนห่า
2372,성기구,,,สรัด
2373,성매매,,,สราด
2374,성보조기구,,,สวรรคต
2375,성인그리고섹스,,,สวะ
2376,성인누드,,,สะถุล
2377,성인체위,,,สัด
2378,성체위,,,สัดเงี่ยน
2379,성체험,,,สัดเช้ด
2380,성추행,,,สัดเชร้ด
2381,성충동,,,สัดเชรี้ย
2382,세븐누드닷컴,,,สัดเชี่ย
2383,섹,,,สัดเชี้ย
2384,섹스,,,สัดเปรด
2385,"섹,스",,,สัดเปรต
2386,섹.스,,,สัดเย็ด
2387,섹s,,,สัดเย้ด
2388,섹무비,,,สัดเหี้ย
2389,섹하고,,,สัดเหี้ยเหี้ย
2390,섹할래,,,สัดเอี้ย
2391,속궁합,,,สัดแดก
2392,쇅수,,,สัดแม่
2393,쇅스,,,สัดแม่ง
2394,쇅쑤,,,สัดแม่ม
2395,쇅쓰,,,สัดแมร่ง
2396,쇼걸,,,สัดกาก
2397,수음,,,สัดครวย
2398,숙모보지,,,สัดควย
2399,쉑수,,,สัดดอก
2400,쉑쑤,,,สัดดออ
2401,쉑쓰,,,สัดตีน
2402,쉡세,,,สัดตุ๊ด
2403,쉬부럴,,,สัดป้อเมิง
2404,쉬불얼,,,สัดป้อมึง
2405,쉰김치,,,สัดป๊ะ
2406,쉽알년,,,สัดปี้
2407,쉽알놈,,,สัดพ่อ
2408,쉽알늠,,,สัดพ่อง
2409,슈발,,,สัดสถุน
2410,스바새키,,,สัดสถุล
2411,스바쉐리,,,สัดส้นตรีน
2412,스바쉑캬,,,สัดส้นตีน
2413,스시녀,,,สัดหมา
2414,스와핑,,,สัดห่า
2415,스트립,,,สัดหี
2416,스트립쇼,,,สัตเงี่ยน
2417,스팽,,,สัตเช้ด
2418,슨상님,,,สัตเชร้ด
2419,슨탄절,,,สัตเชรี้ย
2420,슴가,,,สัตเชี่ย
2421,싀바,,,สัตเปรด
2422,시밤바,,,สัตเปรต
2423,시바,,,สัตเย็ด
2424,시발년,,,สัตเย้ด
2425,시발놈,,,สัตเหี้ย
2426,시발롬,,,สัตเหี้ยเหี้ย
2427,시발새끼,,,สัตเอี้ย
2428,시발새캬,,,สัตแดก
2429,시발세끼,,,สัตแม่
2430,시발쉐리,,,สัตแม่ง
2431,시발쉐이,,,สัตแม่ม
2432,시밤,,,สัตแมร่ง
2433,시방새,,,สัตกาก
2434,시방새리,,,สัตครวย
2435,시불,,,สัตควย
2436,시빨년,,,สัตดอก
2437,시파,,,สัตดออ
2438,시팍,,,สัตตีน
2439,시팍새꺄,,,สัตตุ๊ด
2440,시팍새끼,,,สัตป้อเมิง
2441,시팍새캬,,,สัตป้อมึง
2442,시팍쉐리,,,สัตป๊ะ
2443,시팍쉐이,,,สัตปี้
2444,시팔넘,,,สัตพ่อ
2445,시팔년,,,สัตพ่อง
2446,시팔놈,,,สัตสถุน
2447,시팔새꺄,,,สัตสถุล
2448,시팔새리,,,สัตส้นตรีน
2449,시팔쉐리,,,สัตส้นตีน
2450,시팔쉐이,,,สัตหมา
2451,신음,,,สัตห่า
2452,십녀,,,สัตหี
2453,십발새끼,,,สันดานไพร่
2454,십발쌔꺄,,,สันดานหมา
2455,십새,,,สัส
2456,십새꺄,,,สา-ด
2457,십새끼,,,สาดเอ้ย
2458,십새키,,,สาดเอ๊ย
2459,십색꺄,,,สาดด
2460,십색끼,,,สาดหมา
2461,십색히,,,สารเลว
2462,십세,,,สิทธิทัตถะ
2463,십세끼,,,สิริกิต
2464,십세리,,,สิริกิตติ
2465,십세이,,,สิริกิตติ์
2466,십쉐리,,,หงี่
2467,십쉐이,,,หน้าเชรี่ย
2468,십쉑히,,,หน้าเชี่ย
2469,십시끼,,,หน้าเม็ด!
2470,십쌔꺄,,,หน้าเหรี้ย
2471,십쌔키,,,หน้าเหี้ย
2472,십쎄끼,,,หน้าแตด
2473,십씨키,,,หน้าครวย
2474,십알넘,,,หน้าควายตัวเมีย
2475,십알년,,,หน้าจู๋
2476,십알놈,,,หน้าตัวเมีย
2477,십알뇬,,,หน้าปิ
2478,십알늠,,,หน้าม่อ
2479,십지럴,,,หน้าส้นตรีน
2480,십탱구리,,,หน้าส้นตีน
2481,십탱굴이,,,หน้าสัด
2482,십탱꾸리,,,หน้าสัต
2483,십탱이,,,หน้าสาด
2484,십텡구리,,,หน้าหนัง!
2485,십텡굴이,,,หน้าหม้อ
2486,십텡꾸리,,,หน้าหมอย
2487,십팔새끼,,,หน้าหมา
2488,십팔세끼,,,หน้าหรี
2489,ㅆ1발,,,หน้าห่า
2490,ㅆ1팔,,,หน้าหี
2491,ㅆI발,,,หมอย
2492,ㅆl발,,,หมอยเกย์
2493,ㅆl팔,,,หมอยเช้ด
2494,싸가리,,,หมอยเชร้ด
2495,싸게해줄,,,หมอยเชรี่ย
2496,싸고시포,,,หมอยเชี่ย
2497,싸기,,,หมอยเชี้ย
2498,싸라,,,หมอยเมิง
2499,싸이코,,,หมอยเย็ด
2500,싼다,,,หมอยเย้ด
2501,쌍너엄,,,หมอยเห็ดสด
2502,쌍녀언,,,หมอยเหี้ย
2503,쌍노무,,,หมอยแดก
2504,쌍놈,,,หมอยแตด
2505,쌍뇬,,,หมอยแม่
2506,쌍뇸,,,หมอยแม่ง
2507,쌔까,,,หมอยแม่ม
2508,쌔낑,,,หมอยแมร่ง
2509,쌔캬,,,หมอยแสรด
2510,쌕끼,,,หมอยกรุ
2511,쌩까냐,,,หมอยกรู
2512,쌩까네,,,หมอยกะเทย
2513,쌩까지마,,,หมอยกะหรี่
2514,쌩보지쑈,,,หมอยกุ
2515,쌩포르노,,,หมอยกู
2516,쌰발,,,หมอยครวย
2517,썅넘,,,หมอยควย
2518,썅놈,,,หมอยคุวย
2519,썅뇬,,,หมอยจิ๋ม
2520,썅뇸,,,หมอยจู๋
2521,썅늠,,,หมอยชะนี
2522,써버럴,,,หมอยดก
2523,쎅,,,หมอยดำ
2524,쎅쑤,,,หมอยตุ๊ด
2525,쎅쓰,,,หมอยบาง
2526,쐑수,,,หมอยบ้าน
2527,쐑스,,,หมอยป้อ
2528,쐑쑤,,,หมอยพ่อ
2529,쐑쓰,,,หมอยพ่อง
2530,쑤셔,,,หมอยมรึง
2531,쒝수,,,หมอยมึง
2532,쒝쑤,,,หมอยรก
2533,쒝쓰,,,หมอยล่อ
2534,쒸부뎅,,,หมอยสรัด
2535,쒸브뎅,,,หมอยสัด
2536,쒸파,,,หมอยสัต
2537,쓰바,,,หมอยสาด
2538,쓰바색캬,,,หมอยหนา
2539,쓰바색키,,,หมอยห่า
2540,쓰바세꺄,,,หมอยหี
2541,쓰바세끼,,,หมาไม่แดก
2542,쓰바쉐리,,,หมาคาบไปแดก
2543,쓰바쉑캬,,,หยาบช้า
2544,쓰바쌔끼,,,หยีเหม็น 
2545,쓰발,,,หลั่งใน
2546,쓰발새꺄,,,หลั่งนอก
2547,쓰발새끼,,,ห้วดอ
2548,쓰발세꺄,,,หอกหัก
2549,쓰발세끼,,,หอย
2550,쓰발쌔꺄,,,หอยหลอด
2551,쓰발알,,,หัวเชรี้ย
2552,쓰벌얼,,,หัวเชี่ย
2553,쓰부럴,,,หัวเชี้ย
2554,쓰비럴,,,หัวเหี้ย
2555,쓰빌얼,,,หัวแตด
2556,쓰팍,,,หัวแม่เมิง
2557,씝년,,,หัวแม่ง
2558,씨뎅이,,,หัวแม่ม
2559,씨떙이,,,หัวครวย
2560,씨받이,,,หัวจิ๋ม
2561,씨발넘,,,หัวดอ
2562,씨발년,,,หัวตีน
2563,씨발놈,,,หัวนม
2564,씨발뇬,,,หัวพ่อเมิง
2565,씨발뇸,,,หัวพ่อง
2566,씨발뇽,,,หัวส้นตีน
2567,씨발늠,,,หัวหน่าว
2568,씨발롬,,,หัวหมอย
2569,씨발새끼,,,หัวห่า
2570,씨발쉐리,,,หัวหี
2571,씨방새,,,ห่า
2572,씨밸넘,,,ห่าเกรียน
2573,씨밸년,,,ห่าเงี่ยน
2574,씨벌넘,,,ห่าเชรี้ย
2575,씨벌년,,,ห่าเชี่ย
2576,씨벌놈,,,ห่าเชี้ย
2577,씨벌뇬,,,ห่าเปรด
2578,씨부랄탱,,,ห่าเปรต
2579,씨불년,,,ห่าเหว
2580,씨뻘,,,ห่าเหี้ย
2581,씨알머리,,,ห่าเอ้ย
2582,씨양년,,,ห่าเอี้ย
2583,씨양놈,,,ห่าแม่
2584,씨입년,,,ห่าแม่ง
2585,씨입뇬,,,ห่าแม่ม
2586,씨팍,,,ห่าแมร่ง
2587,씨팍새꺄,,,ห่าแรด
2588,씨팍새끼,,,ห่าแสรด
2589,씨팔넘,,,ห่าครวย
2590,씨팔년,,,ห่าควย
2591,씨팔뇬,,,ห่าดอ
2592,씨팔뇸,,,ห่าดอก
2593,씹넘,,,ห่าบ้าน
2594,씹녀,,,ห่าป้อ
2595,씹놈,,,ห่าพ่อ
2596,씹뇬,,,ห่าพ่อง
2597,씹뇸,,,ห่าราก
2598,씹때꺄,,,ห่าร่าน
2599,씹때끼,,,ห่าลาก
2600,씹보지년,,,ห่าสรัด
2601,씹새꺄,,,ห่าสัด
2602,씹새끼,,,ห่าสัต
2603,씹새리,,,ห่าสัส
2604,씹새이,,,ห่าสาด
2605,씹새키,,,ห่าหอย
2606,씹색꺄,,,ห่าหี
2607,씹색끼,,,หี
2608,씹색히,,,หีเช้ด
2609,씹선비,,,หีเชร้ด
2610,씹세끼,,,หีเชรี้ย
2611,씹세이,,,หีเชี่ย
2612,씹셍아,,,หีเชี้ย
2613,씹쉐리,,,หีเน่า
2614,씹쉐이,,,หีเปรด
2615,씹쉑,,,หีเปรต
2616,씹쉑캬,,,หีเปียก
2617,씹쉑히,,,หีเย็ด
2618,씹시끼,,,หีเย้ด
2619,씹쌔꺄,,,หีเล็ก
2620,씹쌔끼,,,หีเล้ก
2621,씹쌔키,,,หีเห็ดสด
2622,씹썌끼,,,หีเหม็น
2623,씹쎄끼,,,หีเหี้ย
2624,씹씨키,,,หีเหี่ยว
2625,씹어먹을년,,,หีเอี้ย
2626,씹어먹을놈,,,หีแดก
2627,씹지럴,,,หีแม่
2628,씹탱,,,หีแม่ง
2629,씹탱구리,,,หีแม่ม
2630,씹탱꾸리,,,หีแมร่ง
2631,씹탱이,,,หีแรด
2632,씹텡꾸리,,,หีแสรด
2633,씹팍쉐리,,,หีแหก
2634,씹팔년,,,หีแห้ง
2635,씹팔련,,,หีใหญ่
2636,씹팔쉐리,,,หีกรุ
2637,씹팔쌔끼,,,หีกรู
2638,씹팔썌끼,,,หีกะเทย
2639,씹펄,,,หีกะหรี่
2640,씹풀,,,หีกุ
2641,씹할놈,,,หีกู
2642,ㅇㅐㅈㅏ,,,หีขึ้นรา
2643,아갈창,,,หีครวย
2644,아구창,,,หีควย
2645,아구통,,,หีควาย
2646,아이템매니아,,,หีคุวย
2647,아이템베이,,,หีจังไร
2648,아탬매냐,,,หีจัญไร
2649,아탬베이,,,หีจันไร
2650,아템매냐,,,หีชะนี
2651,아템베이,,,หีช้าง
2652,안에사정,,,หีตุ๊ด
2653,알몸,,,หีบวม
2654,알몸공개,,,หีบาง
2655,알몸사진,,,หีบาน
2656,알몸쇼,,,หีบ้าน
2657,알보칠,,,หีประถม
2658,암베충,,,หีปลวก
2659,암캐,,,หีป้อเมิง
2660,암컷,,,หีป้อมึง
2661,앙망,,,หีป๊ะ
2662,애로,,,หีพ่อ
2663,애무,,,หีพอง
2664,애미보지,,,หีพ่อง
2665,애미자지,,,หีพัง
2666,애비보지,,,หีมด
2667,애비자지,,,หีมหาลัย
2668,야게임,,,หีมึง
2669,야기분좋다,,,หีระยำ
2670,야동,,,หีร้าง
2671,야사,,,หีร่าน
2672,야설,,,หีล่อ
2673,야시,,,หีลอก
2674,야애니,,,หีลุก
2675,야오이,,,หีสถุน
2676,야자료,,,หีสถุล
2677,야캠,,,หีส้นตรีน
2678,얨뵹,,,หีส้นตีน
2679,얨븅,,,หีสรัด
2680,에로,,,หีสัด
2681,에로동영상,,,หีสัต
2682,에로라이브,,,หีสั่น
2683,에로물,,,หีสาด
2684,에로촬영장,,,หีสุก
2685,엑엑윽엑,,,หีหนา
2686,엑윽엑엑,,,หีหยั่ย
2687,엣헴엣헴,,,หีหย่าย
2688,염병할,,,หีห่า
2689,엿같,,,หีอนุบาล
2690,옘병할,,,หึเมิง
2691,오라질,,,หื่น
2692,오르가,,,องคชาติ
2693,오르가즘,,,อดุลยเดช
2694,오살할놈,,,อมหัวดอ
2695,오오미,,,อยากเสียว
2696,옷벗,,,อยากเอาหญิง
2697,왕보지,,,อยากมี sex
2698,우덜,,,อยากอึบ
2699,우덜식,,,อ่อนสัด
2700,원조가카,,,อัณฑะ
2701,원조하자,,,อัดถั่วดำ
2702,월경,,,อัลเลาะ
2703,유두,,,อัลเลาะห์
2704,유방,,,อานันทมหิดล
2705,육시랄,,,อ้ายเ ว ร
2706,윤락,,,อายเชี้ย
2707,음경,,,อ้ายเหรี้ย
2708,음담패설,,,อ้ายเห-รี้ย
2709,음란,,,อ้ายฟาย
2710,음마성전,,,อ้ายสัด
2711,음모,,,อ้ายสาด
2712,음박학염,,,อ้ายสาดหมา
2713,음부,,,อ้ายห่า
2714,음순,,,อิดอก
2715,음욕,,,อิสัตว์
2716,음탕,,,อี แรด
2717,음탕한년,,,อี ชาติหมา
2718,이명박,,,อี!เบี้ยว
2719,일게이,,,อี_ดอก 
2720,일베,,,อีเชี่ย
2721,일베충,,,อีเดียด
2722,일벤져스,,,อีเป็งสุดา
2723,입닥쳐,,,อีเปรต
2724,입안사정,,,อีเลว
2725,ㅈㅓㄱㄱㅏ,,,อีเวน
2726,ㅈㅓㄲㅏ,,,อีเวร
2727,ㅈㅗㄱㄱㅏ,,,อีเห็ดสด
2728,ㅈㅗㄲㅏ,,,อีแตรด
2729,자궁,,,อีแพศยา
2730,자지,,,อีแพสยา
2731,자지털,,,อีแมงดา
2732,잘빨아,,,อีแรด
2733,잠지털,,,อีโง่
2734,잡놈,,,อีโสเภณี
2735,잡뇸,,,อีไพร่
2736,잡늠,,,อีกระหรี่
2737,저년,,,อีกะหรี
2738,저놈,,,อีกะหรี่
2739,저뇬,,,อีขายตูด
2740,전라디언,,,อีควาย
2741,절라디언,,,อีจิ๋ม
2742,젓가튼쉐이,,,อีชั่ว
2743,젓까리,,,อีช้างเย๊ด
2744,젓빠지게,,,อีชาดชั่ว
2745,晶,,,อีชาดหมา
2746,정력,,,อีชาติชั่ว
2747,정사,,,อีชาติชั้ว
2748,정액,,,อีชาติหมา
2749,정욕,,,อีด อก
2750,정자,,,อีด/อก
2751,젖,,,อีดอก
2752,젖가슴,,,อีด-อก
2753,젖가튼,,,อีตัว
2754,젖같은,,,อีตุ๊ด
2755,젖통,,,อีตูด
2756,젖퉁,,,อีบ้า
2757,조까는,,,อีฟราย
2758,조루,,,อีฟาย
2759,조선족,,,อีมะขวิด
2760,조털,,,อีร่าน
2761,존만한년,,,อีลูกกระหรี่
2762,존물,,,อีวอก
2763,졷물,,,อีส้นตีน
2764,좃,,,อีสัด
2765,좃가튼년,,,อีสัต
2766,좃가튼놈,,,อีสัตว์
2767,좃가튼뇬,,,อีสาด
2768,좃가튼뇽,,,อีสำส่อน
2769,좃가튼늠,,,อีหมอย
2770,좃같네,,,อีหอก
2771,좃같은,,,อีหอย
2772,좃까는,,,อีหอยดอง
2773,좃까리,,,อีหอยหลอด
2774,좆,,,อีหัวสำรอก
2775,좆가은세끼,,,อีหา
2776,좆같은게,,,อีห่า
2777,좆같은년,,,อีห่าราก
2778,좆같은놈,,,อีอับปรี
2779,좆같은뇬,,,
2780,좆같은뇸,,,
2781,좆같은늠,,,
2782,좆같은새끼,,,
2783,좆같은색키,,,
2784,좆같은세끼,,,
2785,좆같은쉐리,,,
2786,좆같은쉑캬,,,
2787,좆같은쉑키,,,
2788,좆구멍,,,
2789,좆까,,,
2790,좆까는,,,
2791,좆까라,,,
2792,좆까지마,,,
2793,좆년,,,
2794,좆또,,,
2795,좆만한년,,,
2796,좆만한놈,,,
2797,좆만한뇸,,,
2798,좆만한뇽,,,
2799,좆만한늠,,,
2800,좆만한새끼,,,
2801,좆머거,,,
2802,좆먹어,,,
2803,좆빠라,,,
2804,좆빠러,,,
2805,좆빨아,,,
2806,좆새끼,,,
2807,좆털,,,
2808,좇,,,
2809,좇같네,,,
2810,좇까는,,,
2811,좉까는,,,
2812,좉빨아,,,
2813,좌리웹,,,
2814,좌빨,,,
2815,좌음,,,
2816,좌이버,,,
2817,좌좀,,,
2818,죽을넘,,,
2819,죽을뇬,,,
2820,죽일뇬,,,
2821,중력절,,,
2822,쥐박이,,,
2823,쥐포,,,
2824,즤롤,,,
2825,즤뢀,,,
2826,진철이,,,
2827,질세정,,,
2828,질수축,,,
2829,질질싸,,,
2830,짭년,,,
2831,짭놈,,,
2832,짭뇬,,,
2833,짱깨,,,
2834,쩔뚜기,,,
2835,쯰랄,,,
2836,찌릉찌릉,,,
2837,차용어,,,
2838,창질,,,
2839,챵녀,,,
2840,챵년,,,
2841,챵뇬,,,
2842,처녀막,,,
2843,천베,,,
2844,凸,,,
2845,첫경험,,,
2846,청산가리,,,
2847,체모,,,
2848,체위,,,
2849,쳐죽,,,
2850,최음제,,,
2851,카섹스,,,
2852,캐쉬판매,,,
2853,캐쉬팜,,,
2854,캐시판매,,,
2855,코카인,,,
2856,콘돔,,,
2857,콘필,,,
2858,콜걸,,,
2859,콩까,,,
2860,큰년,,,
2861,큰자지,,,
2862,키스방,,,
2863,통구이,,,
2864,통궈,,,
2865,통베,,,
2866,통베충,,,
2867,통탄절,,,
2868,퇴폐,,,
2869,패티쉬,,,
2870,페로몬,,,
2871,페미돔,,,
2872,페팅,,,
2873,평타취,,,
2874,포경,,,
2875,폭동,,,
2876,폰녀구함,,,
2877,폰섹스,,,
2878,폰팅,,,
2879,풀발기,,,
2880,풋잡,,,
2881,피떡갈비,,,
2882,피임,,,
2883,필로폰,,,
2884,핑보,,,
2885,하고픈녀,,,
2886,하타취,,,
2887,한번꽂자,,,
2888,한번주께,,,
2889,한번줄래,,,
2890,할배,,,
2891,함대주까,,,
2892,항문,,,
2893,핵슨상,,,
2894,핵펭귄,,,
2895,허쩝쌔끼,,,
2896,헤로인,,,
2897,현거래,,,
2898,현금,,,
2899,현금게임,,,
2900,현금최대,,,
2901,현금충전,,,
2902,호구,,,
2903,호로,,,
2904,호로새꺄,,,
2905,호로새끼,,,
2906,호로새리,,,
2907,호로새캬,,,
2908,호로쉐리,,,
2909,호로쉐캬,,,
2910,호로시끼,,,
2911,호로쌔꺄,,,
2912,호로썌꺄,,,
2913,호로자슥,,,
2914,호로자식,,,
2915,호모,,,
2916,호스티스,,,
2917,혼숙,,,
2918,혼탕,,,
2919,홍어분탕,,,
2920,홍오쉐리,,,
2921,홍통일체,,,
2922,화냥,,,
2923,화류,,,
2924,확찢어,,,
2925,후까시,,,
2926,후라려,,,
2927,후레,,,
2928,후레자식,,,
2929,후리자,,,
2930,후배위,,,
2931,훌창,,,
2932,흥분,,,
2933,희재갑,,,
2934,히로뽕,,,
