Id,Vlue
1,[GM]
2,0rgasim
3,0rgasims
4,0rgasm
5,0rgasms
6,3jaculate
7,3jaculated
8,3jaculates
9,3jaculating
10,3jaculatings
11,3jaculation
12,admin
13,administrator
14,africoon
15,aids
16,analbleed
17,analcavity
18,analcrevass
19,analfuck
20,analingus
21,analinvade
22,analjuice
23,analleakage
24,anallovin
25,analmunch
26,analorafice
27,analorgy
28,analpirate
29,analprobe
30,analrape
31,analsex
32,analspew
33,analspray
34,analtail
35,analtroop
36,analungus
37,analviolate
38,analwart
39,analwhore
40,analzone
41,animalsex
42,arsebandit
43,arsefuck
44,arsephuck
45,arsephuk
46,arsepiece
47,arsestab
48,arsewipe
49,asphinct
50,ass hole
51,ass lick
52,assbeat
53,assbite
54,assbiteme
55,assblast
56,assboy
57,assbutt
58,assbyte
59,asscheek
60,asscheese
61,assclown
62,asscock
63,asscrack
64,asscream
65,assenlarge
66,assenmunch
67,assface
68,assfish
69,assfuck
70,assfuk
71,assfunk
72,assgoblin
73,assgrab
74,assh0le
75,assh0les
76,asshair
77,asshead
78,assho
79,asshoe
80,asshol
81,asshold
82,asshole
83,assholes
84,assinahole
85,assjuice
86,assk!sser
87,asskick
88,asskickboy
89,asskikr
90,asskisser
91,assl!ck
92,asslessone
93,asslick
94,asslip
95,asslord
96,assman
97,assmast
98,assmeat
99,assmilk
100,assmine
101,assmite
102,assmoankey
103,assmong
104,assmonk
105,assmonkey
106,assmunch
107,assowipo
108,assowippo
109,assown
110,asspack
111,asspeddle
112,assphinct
113,assphuck
114,asspiece
115,asspirate
116,assplug
117,asspoop
118,assram
119,assrape
120,assream
121,assrip
122,assrob
123,asstab
124,asstang
125,asstheif
126,asstink
127,asstomp
128,assuck
129,assw!pe
130,asswack
131,asswater
132,assweed
133,asswhipe
134,asswhole
135,asswhop
136,asswhore
137,asswip3
138,asswipe
139,asswoop
140,assylip
141,assynip
142,assyniple
143,asszila
144,azzez
145,b i t c h
146,b it ch
147,b itc h
148,b!tch
149,b!tch!n
150,b!tcher
151,b!tchers
152,b!tchez
153,b!tchin
154,b!tching
155,b0nehead
156,b0ner
157,b3eastiality
158,b3stial
159,badass
160,bastard
161,basterd
162,bastid
163,beast!al
164,beast!ality
165,beastial
166,beastiality
167,beastility
168,beav3er
169,best!al
170,bestial
171,bestiality
172,bi t ch
173,biach
174,biatch
175,bicht
176,bigass
177,bigassball
178,bigasslip
179,bigbooty
180,bigbutthole
181,bigcock
182,bigdick
183,bigdik
184,bigfatass
185,bigfuk
186,biggay
187,biggaykill
188,biggayman
189,biggaypeck
190,biggusdikus
191,bigho
192,bighoe
193,bigjuicynut
194,biglesbian
195,bignigger
196,bignut
197,bignutsack
198,bigoldick
199,bigschlong
200,bigslut
201,bigtits
202,bigwang
203,biotch
204,bit.ch
205,bitc h
206,bitch
207,bitchass
208,bitcher
209,bitchers
210,bitches
211,bitchfuck
212,bitchin
213,bitching
214,bitchqueen
215,bitchslap
216,bitchwhore
217,bitemyass
218,bitemyprick
219,biyotch
220,bl0wj0bs
221,bl0wjob
222,bl0wjobs
223,bl0wme
224,blow job
225,blowj0b
226,blowjob
227,blowjobs
228,blowjobz
229,blowm3
230,bltch
231,bonehead
232,br0wn3y3
233,br0wneye
234,br0wntown
235,brown eye
236,brown3y3
237,browneye
238,browntown
239,bucket cunt
240,budsob
241,budsop
242,bull shit
243,bullsh!t
244,bullshit
245,bumfuck
246,bumhole
247,bung hole
248,bungh0le
249,butch
250,butt breath
251,butt fucker
252,butt hair
253,buttbandit
254,buttbang
255,buttblister
256,buttboink
257,buttboy
258,buttbrain
259,buttbreath
260,buttburgelor
261,buttburglar
262,buttburglor
263,buttbut
264,buttcheek
265,buttcheese
266,buttcrack
267,buttcrap
268,buttcrust
269,buttfac3
270,buttface
271,buttfart
272,buttfloss
273,buttfuc
274,buttfuck
275,buttfuck3r
276,buttfucker
277,buttfugly
278,buttfuk
279,buttfuz
280,buttgoblin
281,buttgrease
282,buttguy
283,butth0le
284,butth3ad
285,buttha1r
286,butthair
287,butthead
288,butthole
289,buttholio
290,butthymen
291,buttitch
292,buttjuice
293,buttkice
294,buttkick
295,buttkik
296,buttkiss
297,buttknock
298,buttlick
299,buttliquor
300,buttlord
301,buttlove
302,buttluv
303,buttman
304,buttmonkey
305,buttmunch
306,buttnaked
307,buttnugget
308,buttnut
309,buttp1cker
310,buttpick
311,buttpick3r
312,buttpicker
313,buttpirate
314,buttplug
315,buttpoop
316,buttrape
317,buttsex
318,buttslam
319,buttslut
320,buttsmack
321,buttsniff
322,buttstain
323,buttsuck
324,buttwhore
325,buttwipe
326,c00ter
327,c0bia
328,c0ck
329,c0cks
330,c0cksuck
331,c0cksucked
332,c0cksucker
333,c0cksucking
334,c0cksucks
335,c1rclejerk
336,cameljockey
337,castrate
338,ch1nk
339,cherrypop
340,chinesewhore
341,chinkill
342,chinkslope
343,chinksrgay
344,chinkssuck
345,chr1st
346,christ
347,circle jerk
348,cl1t
349,clit0ris
350,clitlick
351,clitoral
352,clitorious
353,clitoris
354,cockandball
355,cockbite
356,cockboy
357,cockface
358,cockhead
359,cocklick
360,cocknball
361,cocks
362,cocksmoke
363,cocksniff
364,cocksuck
365,cocksucked
366,cocksucker
367,cocksucking
368,cocksucks
369,cocktease
370,coksuck
371,condomeat
372,condomlick
373,condommunch
374,condomsniff
375,coochie
376,coonfuck
377,crackwhore
378,crazychink
379,crazyjap
380,creamycunt
381,creamyknick
382,creamypant
383,crotchsniff
384,crotchwatch
385,cuckmysock
386,cumbubble
387,cumbucket
388,cumburp
389,cumgargle
390,cumguzzle
391,cumindabum
392,cumlick
393,cumm!ng
394,cumm3r
395,cummbubble
396,cumming
397,cumofsomeguy
398,cumonme
399,cumonmytummy
400,cumonu
401,cumquat
402,cumsalot
403,cumsh0t
404,cumshot
405,cumslut
406,cumstain
407,cumswallow
408,cumz
409,cun1lingus
410,cun1llingus
411,cunalingus
412,cungalingus
413,cunilingus
414,cunillingus
415,cunn1lingus
416,cunnilingus
417,cunningilus
418,cunny
419,cunt
420,cuntface
421,cunthead
422,cuntl1ck
423,cuntl1cker
424,cuntl1cking
425,cuntlick
426,cuntlicker
427,cuntlicking
428,cuntlip
429,cunts
430,cuntt
431,cuntylip
432,cuntz
433,cyb3erfucked
434,cyb3rfuc
435,cyb3rfuck
436,cyb3rfucker
437,cyb3rfuckers
438,cyb3rfucking
439,cyberfuc
440,cyberfuck
441,cyberfucked
442,cyberfucker
443,cyberfuckers
444,cyberfucking
445,cyberfuckz
446,d0ng
447,d0uchebag
448,d1ck
449,d1inks
450,d1ke
451,d1ldo
452,d1ldos
453,d1nk
454,d1pshit
455,dad u die
456,dad you dead
457,damn
458,dasskick
459,dicckweed
460,dicface
461,dichead
462,dick
463,dickbrain
464,dickhead
465,dicklick
466,dickwad
467,dickweed
468,dicwad
469,dike
470,dildo
471,dildos
472,dink
473,dinks
474,dipshit
475,dlldo
476,doggystyle
477,dorr
478,douche bag
479,douchebag
480,dumazz
481,dumbass
482,dumbazz
483,dyke
484,e- doog
485,e hia
486,e hoy
487,e na dan
488,e sud
489,e wain
490,e wane
491,e wen
492,e.dog
493,e-dog
494,edok
495,ejaculate
496,ejaculated
497,ejaculates
498,ejaculati0n
499,ejaculating
500,ejaculatings
501,ejaculation
502,F A C K
503,F U C K
504,F U C K - Y O U
505,F u c k U
506,f u c k y o u
507,F U C K YOU
508,f u ck
509,f uck
510,f uu c k
511,f v c k
512,f!stfucks
513,f*ck
514,f*u*c*k
515,f..u....c.....k
516,f..u..c..k..
517,f..u.c.k
518,F.U.C.K
519,f.u.c.k.
520,f.u.c.k.y.o.u.
521,f.uck
522,F_U_C_K_U
523,f+u+c+k
524,f1ngerfuck
525,f1ngerfucked
526,f1ngerfuckz
527,f1stficking
528,f1stfuck
529,f1stfucked
530,f1stfucker
531,f1stfuckers
532,f1stfuckings
533,f1stfuckz
534,fag0t
535,fag0ts
536,fag0tz
537,fagg0t
538,fagg1ng
539,fagg1t
540,fagg3t
541,fagget
542,fagging
543,faggit
544,faggot
545,faggs
546,faggz
547,fagot
548,fagots
549,fags
550,fagz
551,fannybatter
552,fannycream
553,fannyfart
554,fannyhair
555,fannyjuice
556,fart1ng
557,fart1ngs
558,fart3d
559,farted
560,farting
561,fartings
562,fartingz
563,farty
564,fartz
565,fatass
566,fatazz
567,father dead
568,father die
569,father ming daed ror
570,father u dead
571,father u die
572,father u died
573,father you dead
574,father you died
575,father your dead
576,fatherdie
577,fats0
578,fecalhead
579,felacio
580,felati0
581,felatio
582,fellati0
583,fellatio
584,fiestamoney
585,fingerfuck
586,fingerfucked
587,fingerfucker
588,fingerfucks
589,fistfuck
590,fistfucked
591,fistfucker
592,fistfuckers
593,fistfucking
594,fistfuckings
595,fistfucks
596,fu c k
597,fu ck
598,fu k
599,fu yuck
600,fu*k
601,fu...k
602,fu.ck_u
603,fu__________ck
604,fuc k
605,fuc u
606,Fuc.k
607,fuc|<
608,fucayou
609,fucck
610,fuccwitme
611,fucface
612,fuchead
613,fuck
614,f-u-c-k
615,f--uck
616,ＦＵＣＫ
617,fuck you
618,fuck1n
619,fuck1ng
620,fuck1ngs
621,fuck1ngz
622,fuck3d
623,fuck3r
624,fuck3rs
625,fuckboy
626,fuckcoons
627,fucked
628,fuckedup
629,fucker
630,fuckers
631,fuckface
632,fuckgm
633,fuckhead
634,fuckhole
635,fuckin
636,fucking
637,fuckings
638,fuckingyamom
639,fuckinstoned
640,fuckm3
641,fuckman
642,fuckme
643,fuckmehard
644,fuckmonkey
645,fuckmyass
646,fucknut
647,fuckoff
648,fuck-off
649,fuckpirate
650,fucks
651,fuckshit
652,fucku
653,fuckubitch
654,fuckup
655,fuckymamma
656,fuckyou
657,f-u-c-k-y-o-u
658,fuckyoucock
659,fuckyoucunt
660,fuckyougm
661,fuckyouii
662,fuckz
663,fucxyou
664,fucya
665,fucyou
666,fucyoubich
667,fudgehole
668,fudgepack
669,fugmpuke
670,fuhq
671,fukad
672,fukaduck
673,fukahire
674,fukallyou
675,fukayouho
676,fukc
677,fukchop
678,fukdabitch
679,fukdabtch
680,fukead
681,fukedatbirth
682,fukedup
683,fukedyomom
684,fukface
685,fukfest
686,fukhead
687,fukhole
688,fukinbad
689,fukingfisher
690,fukinggayman
691,fukinggook
692,fukingjap
693,fukingroovin
694,fukinlag
695,fukinpimp
696,fukinrapist
697,fukit
698,fukjap
699,fukknut
700,fukkyou
701,fukme
702,fukmegood
703,fukmerun
704,fukmyass
705,fuknclown
706,fukndork
707,fuknklown
708,fuknmonke
709,fuknthief
710,fuknurmom
711,fuknut
712,fukoff
713,fuks
714,fukslut
715,fuksuckblow
716,fukuall
717,fukualso
718,fukuashole
719,fukubiatch
720,fukubizzach
721,fukubyatch
722,fukuinyour
723,fukup
724,fukuppl
725,fukusima
726,fukusuk
727,fukuup
728,fukuusuck
729,fukyah
730,fukyallmofo
731,fukyermom
732,fukyoass
733,fukyou
734,fukyouanddie
735,fukyouus
736,fukz
737,fumonkey
738,funkynegro
739,fuqbich
740,fuqbiotch
741,fuqew
742,fuqfugu
743,fuqnut
744,fuqoff
745,fuqu
746,fuque
747,furburg3r
748,furburger
749,furburgers
750,futhermucker
751,futtbuck
752,fuvku
753,fuxjoo
754,fuxkyou
755,fuxyou
756,fyuocuk
757,G M
758,G.M
759,G_M
760,g00k
761,g0ddamn
762,g0nads
763,gadoor
764,GameMaster
765,GameMasters
766,gangbang
767,gangbang3d
768,gangbanged
769,gangbangs
770,gangbangz
771,gangrape
772,gayrape
773,gays3x
774,gaysex
775,gaywad
776,gaz0ngers
777,gazongers
778,GM
779,GM Online
780,goatfuck
781,godammit
782,godamnit
783,goddam
784,goddamn
785,gonads
786,guinn3
787,h ee
788,h.i.a
789,h00ker
790,h0m0
791,h0rniest
792,h0rny
793,h0tsex
794,h3ll
795,hairyclamb
796,hard0n
797,hardc0resex
798,hardcoresex
799,he e
800,headcock
801,hee ban
802,heehak
803,hitler
804,holy shit
805,honkey
806,hooker
807,horniest
808,horny
809,hots3x
810,hotsex
811,hughboobs
812,hugherection
813,hughgass
814,hughgdlck
815,hughgkoch
816,hughgrect
817,hughgrekshon
818,hughgrekshyn
819,hughgshaft
820,hussy
821,i .......sud.....
822,i aon
823,i hear
824,i heer
825,i here
826,i hie
827,i hok
828,i kajok
829,i na hee
830,i nar hee
831,i ne hee
832,i sud
833,ihere
834,iloveboobs
835,isud
836,i-sud
837,j1sm
838,j1zm
839,j1zz
840,j3sus
841,jack off
842,jack0ff
843,jack0ffz
844,jackass
845,jackazz
846,jacking off
847,jacking0ff
848,jackoff
849,jack-off
850,jackoffs
851,jaew
852,jan rai
853,jangrai
854,japhate
855,japkill
856,japkillerusa
857,japz
858,jeaw
859,jeddo
860,jerk
861,jerkoff
862,jerk-off
863,jerkz
864,jesus
865,jesus christ
866,jesuschrist
867,jewbag
868,jewboy
869,jewboynigger
870,jewishnazi
871,jewishwhore
872,jigaboo
873,jigabu
874,jiggaboo
875,jiggabu
876,jism
877,jizm
878,jizz
879,jun rai
880,k u a y
881,k0ck
882,k0ckz
883,k0nd0m
884,k0ndom
885,k0ndums
886,k1ke
887,kadoor
888,kador
889,kajok
890,kike
891,kn0b
892,kraut
893,kumm1ng
894,kumm3r
895,kums
896,kumz
897,kun1lingus
898,kunilingus
899,kuy
900,kv y
901,kyke
902,kวย
903,l0s3r
904,l0ser
905,l3sbian
906,l3sbo
907,layam
908,lesbian
909,lesbo
910,lickalotpuss
911,lickatit
912,lickball
913,lickemball
914,lickitgood
915,lickithard
916,lickityoufuc
917,lickmebalz
918,lickmecock
919,lickmyanus
920,lickmyass
921,lickmyball
922,lickmycock
923,lickmycrack
924,lickmycrotch
925,lickmynad
926,lickmynut
927,lickmyownpee
928,lickmysack
929,lickmywetbox
930,likmekok
931,likmiclit
932,likmybut
933,lust1ng
934,m0th3rfuck
935,m0thafuck
936,m0thafuck3r
937,m0thafucka
938,m0thafuckas
939,m0thafuckaz
940,m0thafucked
941,m0thafuckerz
942,m0thafuckin
943,m0thafucking
944,m0thafuckz
945,m0therfuck
946,m0therfuck1n
947,m0therfuck3r
948,m0therfucked
949,m0therfucks
950,m0und
951,m1ck
952,m3rde
953,mae yed
954,maeyet
955,mamungtay
956,mang yed
957,masterbate
958,masturbate
959,mather you dead
960,mea mung
961,merde
962,meung
963,mmogoldstore
964,moelester
965,mofiesta
966,mothafuck
967,mothafucka
968,mothafuckas
969,mothafuckaz
970,mothafucked
971,mothafucker
972,mothafuckers
973,mothafuckin
974,mothafucking
975,mothafucks
976,mother dead
977,mother die
978,mother died
979,mother fucker
980,mother ming dead ror
981,mother u dead
982,mother u die
983,mother you dead
984,mother you died
985,motherdie
986,motherfuck
987,motherfucked
988,motherfucker
989,motherfuckin
990,motherfucks
991,mueng
992,mung
993,mutherfock
994,mycock
995,mydick
996,n1gger
997,n1ggers
998,n3rd
999,na hee
1000,na hree
1001,naa hee
1002,nahee
1003,nazi
1004,nazijewraper
1005,naziskinhead
1006,Netmarble
1007,nigahbytch
1008,nigaretto
1009,nigatrash
1010,nigazbiotch
1011,nigbeater
1012,nigerbeater
1013,nigerman
1014,nigga
1015,niggaboo
1016,niggafag
1017,niggah
1018,nigge
1019,nigger
1020,niggers
1021,nigghaz
1022,niggher
1023,niggkilla
1024,niggor
1025,niggrian
1026,nigguh
1027,niggurs
1028,nigiro
1029,niglet
1030,nigletbard
1031,nigletmaster
1032,nigore
1033,nigrkill
1034,nigromance
1035,nigz
1036,nipalicious
1037,nipple
1038,nipplelicker
1039,OFFICIAL
1040,okaygoods
1041,online gm
1042,oosale
1043,orgasim
1044,orgasims
1045,orgasm
1046,orgasms
1047,p0rn
1048,p0rn0
1049,p0rn0z
1050,p0rno
1051,p0rnography
1052,p0rnos
1053,p1mp
1054,p1ss
1055,p1ss0ff
1056,p1ssed
1057,p1sser
1058,p1ssers
1059,p1sses
1060,p1ssin
1061,p1ssoff
1062,p3cker
1063,p3nis
1064,pecker
1065,pen1s
1066,penis
1067,pennis
1068,ph0nesex
1069,phonesex
1070,phons3x
1071,phuck3d
1072,phuk1ng
1073,phuked
1074,phuking
1075,phukk1ng
1076,phukk3d
1077,phukked
1078,phukking
1079,phuks
1080,phukz
1081,phuq
1082,pinktaco
1083,piss off
1084,pissed
1085,pisser
1086,pissers
1087,pisses
1088,pissin
1089,pissing
1090,pissoff
1091,po mung die
1092,po mung tai
1093,pootang
1094,por dead
1095,por die
1096,por meung tai
1097,por mueng
1098,por mueng ror
1099,por mun die ror
1100,por mun try
1101,por mung
1102,por tai
1103,por u die
1104,por u tai
1105,por you tai
1106,pormung
1107,porn
1108,porn0
1109,porno
1110,pornography
1111,pornos
1112,potah
1113,pr0stitute
1114,pr1ck
1115,pr1cks
1116,pr1ckz
1117,prick
1118,pricks
1119,prostitute
1120,punkass
1121,puss1es
1122,pussi
1123,pussie
1124,pussies
1125,pussis
1126,pussy
1127,pussyhole
1128,pussylick
1129,pussylip
1130,pussypound
1131,pussys
1132,putanginamo
1133,pyropussy
1134,qu33r
1135,quai
1136,queer
1137,r3tard
1138,ra yam
1139,raghead
1140,rape
1141,rapeme
1142,rayam
1143,rectalprobe
1144,rectum
1145,retard
1146,s h i t
1147,s H it
1148,s hit
1149,s u c k
1150,s ud
1151,saad
1152,sadnarok
1153,schit
1154,schithead
1155,schitngrin
1156,schitzngrin
1157,schl0ng
1158,schlong
1159,scr3w
1160,screw
1161,scrotum
1162,semen
1163,sh!t
1164,sh1t
1165,sh1ted
1166,sh1tfull
1167,sh1th3ad
1168,sh1ting
1169,sh1tings
1170,sh1ts
1171,sh1tt3r
1172,sh1tted
1173,sh1tter
1174,sh1tters
1175,sh1tting
1176,sh1ttings
1177,sh1tty
1178,sh3ist3r
1179,sheister
1180,shi t
1181,shiat
1182,shiet
1183,shit
1184,shite
1185,shiteat
1186,shited
1187,shitfull
1188,shithead
1189,shiting
1190,shitings
1191,shitman
1192,shits
1193,shitstab
1194,shitted
1195,shitter
1196,shitters
1197,shitting
1198,shittings
1199,shitty
1200,SHlT
1201,sitonmyface
1202,sl3az3
1203,sleaze
1204,slutass
1205,sluts
1206,slutz
1207,slutznwhore
1208,snatch
1209,sonteen
1210,sperm
1211,spermburp
1212,spermpants
1213,spick
1214,spooge
1215,spoogebob
1216,spunk
1217,su d
1218,suck
1219,Sucker
1220,suckme
1221,suckmydick
1222,sucmybawl
1223,sud teen
1224,SuDDDD
1225,sudteen
1226,supabiatch
1227,twat
1228,Unalis
1229,v0yuer
1230,vageyenuh
1231,vagina
1232,vaginal
1233,vaginallip
1234,vaginuh
1235,vagiskin
1236,vipebay
1237,vulva
1238,w3tback
1239,wanker
1240,wanking
1241,wetback
1242,wh0re
1243,whore
1244,y e d
1245,y ed
1246,ye d
1247,yed
1248,Yed Mea
1249,yet hear
1250,yet mae
1251,yet mai
1252,yet mang
1253,yet mather !
1254,yet mea
1255,Yet Yet
1256,yetmai
1257,yettamon
1258,your father
1259,your father dead
1260,your father die
1261,your father die ?
1262,your father die?
1263,your father?
1264,your mother
1265,your mother dead
1266,เ เ ม่ ง
1267,เ ย็ ด
1268,เ สื อ ก
1269,เ ห ี้ ย
1270,เ!้ย
1271,เ.ป.ร.ต
1272,เ.ย็.ด
1273,เ.ย็.ด.แ.ม่
1274,เ.สื.อ.ก
1275,เ+ย็+ด
1276,เเคมปลิ้น
1277,เกมมาสเตอร์
1278,เงี่ยน
1279,เงี้ยน
1280,เจดแม่
1281,เจ็ทแม่
1282,เจสแม่
1283,เจ้าคณะ
1284,เจ้าอาวาส
1285,เจี๊ยว
1286,เจือก
1287,เชรี่ย
1288,เชรี้ย
1289,เช่าวัก
1290,เชี้ย
1291,เชี่ยเย็ด
1292,เชี่ยเย้ด
1293,เชี่ยแดก
1294,เชี่ยแม่
1295,เชี่ยแม่ง
1296,เชี่ยแม่ม
1297,เชี่ยแมร่ง
1298,เชี่ยแสรด
1299,เชี่ยโคด
1300,เชี่ยโคตร
1301,เชี่ยกรุ
1302,เชี่ยกรู
1303,เชี่ยกาก
1304,เชี่ยกุ
1305,เชี่ยครวย
1306,เชี่ยควาย
1307,เชี่ยคุวย
1308,เชี่ยชิบ
1309,เชี่ยชิบหาย
1310,เชี่ยชิหาย
1311,เชี่ยดอก
1312,เชี่ยตีน
1313,เชี่ยบ้าน
1314,เชี่ยป้อ
1315,เชี่ยพ่อ
1316,เชี่ยพ่อง
1317,เชี่ยฟราย
1318,เชี่ยฟาย
1319,เชี่ยระยำ
1320,เชี่ยสถุน
1321,เชี่ยสถุล
1322,เชี่ยส้นตรีน
1323,เชี่ยส้นตีน
1324,เชี่ยสรัด
1325,เชี่ยสัด
1326,เชี่ยสัต
1327,เชี่ยสัส
1328,เชี่ยสาด
1329,เชี่ยสาดด
1330,เซ็ก
1331,เซ็กจัด
1332,เซ็กซ์
1333,เด้า
1334,เตี่ยม่องหรอ
1335,เป.ร.ต.
1336,เป็น ค ว ย อะไร
1337,เปรด
1338,เปรต
1339,เมือกกาม
1340,เย็ ด
1341,เย็.ด
1342,เยซู
1343,เย็ด
1344,เย้ด
1345,เย๊ด
1346,เย็ต
1347,เย็ท
1348,เลวมาก
1349,เลวสัด
1350,เลียแคม
1351,เลียแตด
1352,เลียครวย
1353,เลียจิ๋ม
1354,เลียจู๋
1355,เลียดอ
1356,เลียตีน
1357,เลียตูด
1358,เลียปลายตีน
1359,เลียฝ่าตีน
1360,เลียหมอย
1361,เลียหัวตีน
1362,เลียหัวนม
1363,เลียหี
1364,เวรตะไล
1365,เสี่ยโอ
1366,เสียบเคย
1367,เสียบครวย
1368,เสียบจิ๋ม
1369,เสียบจู๋
1370,เสียบหมอย
1371,เสียบหี
1372,เสียวจัง
1373,เสียวว้อย
1374,เสือก
1375,เห็ดสด
1376,เหยด
1377,เหย็ด
1378,เหี้ย
1379,เอากันปะ
1380,เอาทีดิ
1381,เอาหัวนม
1382,เฮี่ย
1383,เฮี้ย
1384,แ ต ด
1385,แ ตด
1386,แ ร ด
1387,แ รด
1388,แคม
1389,แคมแตด
1390,แคมจิ๋ม
1391,แคมตูด
1392,แคมหมอย
1393,แคมหี
1394,แดก
1395,แดกเชรี้ย
1396,แดกเชี่ย
1397,แดกเชี้ย
1398,แดกเมิง
1399,แดกเห็ดสด
1400,แดกเหี้ย
1401,แดกแคม
1402,แดกแตด
1403,แดกแม่
1404,แดกแม่ง
1405,แดกแม่ม
1406,แดกแสรด
1407,แดกโคด
1408,แดกโคตร
1409,แดกกรุ
1410,แดกกรู
1411,แดกกะหรี่
1412,แดกกุ
1413,แดกครวย
1414,แดกจิ๋ม
1415,แดกจู๋
1416,แดกชิบ
1417,แดกตรีน
1418,แดกตีน
1419,แดกตูด
1420,แดกปลายตรีน
1421,แดกปลายตีน
1422,แดกป้อเมิง
1423,แดกฝ่าตรีน
1424,แดกฝ่าตีน
1425,แดกพ่อ
1426,แดกพ่อง
1427,แดกส้นตรีน
1428,แดกส้นตีน
1429,แดกสรัด
1430,แดกสัด
1431,แดกสัต
1432,แดกสาด
1433,แดกสาดด
1434,แดกหมอย
1435,แดกหัวตรีน
1436,แดกหัวตีน
1437,แดกห่า
1438,แดกหี
1439,แต ด
1440,แตด
1441,แทงเคย
1442,แทงครวย
1443,แทงจิ๋ม
1444,แทงจู๋
1445,แทงตูด
1446,แทงหมอย
1447,แทงหี
1448,แม่ง
1449,แมงดา
1450,แม่ตาย
1451,แม่ตายเหรอ
1452,แม่ตายหรอไงว่ะ
1453,แม่มรึงตาย
1454,แม่มึงตาย
1455,แม่ย้อย
1456,แมร่ง
1457,แย่เม็ด
1458,แสรด
1459,แหกแคม
1460,แหกแตด
1461,แหกครวย
1462,แหกจิ๋ม
1463,แหกจู๋
1464,แหกตีน
1465,แหกตูด
1466,แหกฝ่าตีน
1467,แหกรู
1468,แหกส้นตีน
1469,แหกหมอย
1470,แหกหี
1471,แหวกแคม
1472,แหวกแตด
1473,แหวกครวย
1474,แหวกจิ๋ม
1475,แหวกจู๋
1476,แหวกตีน
1477,แหวกตูด
1478,แหวกฝ่าตีน
1479,แหวกส้นตีน
1480,แหวกหมอย
1481,แหวกหี
1482,โคดเชี่ย
1483,โคดเอี้ย
1484,โคดแม่
1485,โคดแม่ง
1486,โคดแม่ม
1487,โคดแมร่ง
1488,โคดครวย
1489,โคดคุรวย
1490,โคดจังไร
1491,โคดจัญไร
1492,โคดจันไร
1493,โคดดอก
1494,โคดตีน
1495,โคดป้อเมิง
1496,โคดป้อมึง
1497,โคดพ่อ
1498,โคดพ่อง
1499,โคดสัด
1500,โคดสัต
1501,โคดสาด
1502,โค-ต-ร
1503,โคตรเชี่ย
1504,โคตรเหี้ย
1505,โคตรเอี้ย
1506,โคตรแม่
1507,โคตรแม่ง
1508,โคตรแม่ม
1509,โคตรครวย
1510,โคตรคุรวย
1511,โคตรจังไร
1512,โคตรจัญไร
1513,โคตรจันไร
1514,โคตรดอก
1515,โคตรตีน
1516,โคตรป้อเมิง
1517,โคตรป้อมึง
1518,โคตรพ่อ
1519,โคตรพ่อง
1520,โคตรสัด
1521,โคตรสัต
1522,โคตรสาด
1523,โครตแม่
1524,โครตพ่อ
1525,โครตพ่อโครตแม่
1526,โจรใต้
1527,โม๊ก
1528,โมกแตด
1529,โมกให้
1530,โมกครวย
1531,โมกคุวย
1532,โมกจิ๋ม
1533,โมกจู๋
1534,โมกดอ
1535,โมกตูด
1536,โมกหมอย
1537,โมกหี
1538,โม้ค
1539,โม๊ค
1540,โมคแตด
1541,โมคให้
1542,โมคครวย
1543,โมคคุวย
1544,โมคจิ๋ม
1545,โมคจู๋
1546,โมคดอ
1547,โมคตูด
1548,โมคหมอย
1549,โมคหี
1550,โยกแตด
1551,โยกครวย
1552,โยกจิ๋ม
1553,โยกจู๋
1554,โยกดอ
1555,โยกหี
1556,โรฮิงญา
1557,ในหลวง
1558,ใอ้สัด
1559,ใอ้สัต
1560,ไ อ่
1561,ไ อ้
1562,ไ.อ้.หั.ว.ถ.อ.ก
1563,ไ.อ้เ.ฮี้.ย
1564,ไปดูดนมแม่ไป
1565,ไปตายซะ
1566,ไปตายสะ
1567,ไปตายห่า
1568,ไปหามารดาคุณ
1569,ไอ้
1570,ไอเชี่ย
1571,ไอเวน
1572,ไอเวร
1573,ไอครวย
1574,ไอควาย
1575,ไอชาดชั่ว
1576,ไอชาดหมา
1577,ไอชาติชั่ว
1578,ไอชาติหมา
1579,ไอซิส
1580,ไอฟราย
1581,ไอฟาย
1582,ไอสัด
1583,ไอสัต
1584,ไอสาด
1585,ไอหอก
1586,ไอห่า
1587,กระ ดอ
1588,กระเจี้ยว
1589,กระเจี๊ยว
1590,กระเจี๋ยว
1591,กระเด้า
1592,กระจู
1593,กระจู๋
1594,กระดอ
1595,กระทวย
1596,กระรี่
1597,กระสัน
1598,กระหรี่
1599,กะเจี๊ยว
1600,กะโปก
1601,กะดอ
1602,กะสัน
1603,กะหรี่
1604,กัดครวย
1605,กัดจิ๋ม
1606,กัดจู๋
1607,กัดดอ
1608,กัดตูด
1609,กัดหมอย
1610,กัดหี
1611,กาเจี้ยว
1612,กาจู๋
1613,กาดอ
1614,กาหรี่
1615,ขนแตด
1616,ขนครวย
1617,ขนจิ๋ม
1618,ขนจู๋
1619,ขนตูด
1620,ขนหมอย
1621,ขย่มเมิง
1622,ขย่มแตด
1623,ขย่มแม่
1624,ขย่มแม่ง
1625,ขย่มแม่ม
1626,ขย่มครวย
1627,ขย่มจิ๋ม
1628,ขย่มจู๋
1629,ขย่มตูด
1630,ขย่มพ่อ
1631,ขย่มพ่อง
1632,ขย่มรู
1633,ขย่มหี
1634,ขอรวมเพศหน่อย
1635,ขายไอดี
1636,ขายตัว
1637,ค . ว . ย
1638,ค ร ว ย
1639,ค ร วย
1640,ค รว ย
1641,ค รวย
1642,ค ว ย
1643,ค ว า ย
1644,ค วย
1645,ค วา ย
1646,ค*ย
1647,ค*ว*ย
1648,ค*วย
1649,ค......................................ย
1650,ค........ว............ย.........
1651,ค.......ว*******p
1652,ค.......ว*******ย
1653,ค.....ว...........ย
1654,ค....ว.....ย
1655,ค...ย
1656,ค...ว...ย
1657,ค..ย
1658,ค..ว..ย
1659,ค..ว..ย..
1660,ค.ร.ว.ย
1661,ค.รวย
1662,ค.ว.ย
1663,ค.ว.ย.
1664,ค.วย
1665,ค//ว//ย
1666,ค/ว/ย
1667,ค\ว\ย
1668,ค^ว^ย
1669,ค~ว~ย
1670,ค+ว+ย
1671,คvย
1672,คคคคคคววววววววววยยยยยย
1673,ค-ย
1674,คร วย
1675,ครว ย
1676,ครวย
1677,คร-วย
1678,ค-ร-ว-ย
1679,ครวยเกย์
1680,ครวยเกรียน
1681,ครวยเงี่ยน
1682,ครวยเชรี้ย
1683,ครวยเชี่ย
1684,ครวยเชี้ย
1685,ครวยเท่า
1686,ครวยเปรด
1687,ครวยเปรต
1688,ครวยเยก
1689,ครวยเล็ก
1690,ครวยเล้ก
1691,ครวยเหี้ย
1692,ครวยเอี้ย
1693,ครวยแม่
1694,ครวยแม่ง
1695,ครวยแม่ม
1696,ครวยแมร่ง
1697,ครวยแสรด
1698,ครวยแหก
1699,ครวยใหญ่
1700,ครวยกรุ
1701,ครวยกรู
1702,ครวยกะเทย
1703,ครวยกุ
1704,ครวยกู
1705,ครวยควาย
1706,ครวยจังไร
1707,ครวยจัญไร
1708,ครวยจันไร
1709,ครวยจิ๋ว
1710,ครวยตั้ง
1711,ครวยตุ๊ด
1712,ครวยน้ำแตก
1713,ครวยบวม
1714,ครวยบ้าน
1715,ครวยป้อเมิง
1716,ครวยป้อมึง
1717,ครวยป๊ะ
1718,ครวยพ่อ
1719,ครวยพอง
1720,ครวยพ่อง
1721,ครวยพัง
1722,ครวยฟราย
1723,ครวยฟาย
1724,ครวยยั่ย
1725,ครวยยืด
1726,ครวยระยำ
1727,ครวยล่ำ
1728,ครวยสรัด
1729,ครวยสัด
1730,ครวยสัต
1731,ครวยสัส
1732,ครวยสาด
1733,ครวยหด
1734,ครวยหนัก
1735,ครวยหย่าย
1736,ครวยห่า
1737,ครวยหี
1738,คว ย
1739,คว*
1740,คว*ย
1741,คว...............ย
1742,คว.ย
1743,ควญ
1744,ควย
1745,คว-ย
1746,คว--ย
1747,ค-วย
1748,ค-ว-ย
1749,ค---ว---ย
1750,คววย
1751,ควววย
1752,คววววย
1753,ควววววย
1754,คววววววย
1755,ควววววววย
1756,คววววววววย
1757,ควววววววววย
1758,คววววววววววย
1759,ควววววววววววย
1760,คว-าย
1761,ค-ว-า-ย
1762,ควายเหลือง
1763,ควายเอ้ย
1764,ควายแดง
1765,ควายจริงๆ
1766,ควายจิงๆ
1767,ควายย
1768,คอ-ว-ย
1769,คาครวย
1770,คาจิ๋ม
1771,คาจู๋
1772,คาหมอย
1773,คาหี
1774,คิมจ็องอึน
1775,คุวย
1776,ฅ ว ย
1777,ฅ วย
1778,ฅว ย
1779,ฅวย
1780,ฅว-ย
1781,ฅ-วย
1782,ฅ-ว-ย
1783,ฆ วย
1784,ฆว ย
1785,ฆวย
1786,ฆ่าแม่ง
1787,ฆ่าแม่ม
1788,ฆ่าพ่อง
1789,จรรไร
1790,จักรี
1791,จัง ไร
1792,จังไร
1793,จัญไร
1794,จันไร
1795,จิ๋ม
1796,จิ๋มเช้ด
1797,จิ๋มเชร้ด
1798,จิ๋มเชรี้ย
1799,จิ๋มเชี่ย
1800,จิ๋มเชี้ย
1801,จิ๋มเน่า
1802,จิ๋มเปรด
1803,จิ๋มเปรต
1804,จิ๋มเมิง
1805,จิ๋มเยก
1806,จิ๋มเย็ด
1807,จิ๋มเย้ด
1808,จิ๋มเล็ก
1809,จิ๋มเล้ก
1810,จิ๋มเห็ดสด
1811,จิ๋มเหม็น
1812,จิ๋มเหี้ย
1813,จิ๋มเหี่ยว
1814,จิ๋มเอี้ย
1815,จิ๋มแดก
1816,จิ๋มแม่
1817,จิ๋มแม่ง
1818,จิ๋มแม่ม
1819,จิ๋มแรด
1820,จิ๋มแสรด
1821,จิ๋มแหก
1822,จิ๋มแห้ง
1823,จิ๋มใหญ่
1824,จิ๋มกรุ
1825,จิ๋มกรู
1826,จิ๋มกะเทย
1827,จิ๋มกะหรี่
1828,จิ๋มกุ
1829,จิ๋มกู
1830,จิ๋มขึ้นรา
1831,จิ๋มครวย
1832,จิ๋มควาย
1833,จิ๋มคุวย
1834,จิ๋มจังไร
1835,จิ๋มจัญไร
1836,จิ๋มจันไร
1837,จิ๋มชะนี
1838,จิ๋มช้าง
1839,จิ๋มตุ๊ด
1840,จิ๋มบวม
1841,จิ๋มบาง
1842,จิ๋มบาน
1843,จิ๋มบ้าน
1844,จิ๋มประถม
1845,จิ๋มปลวก
1846,จิ๋มป้อเมิง
1847,จิ๋มป้อมึง
1848,จิ๋มป๊ะ
1849,จิ๋มพ่อ
1850,จิ๋มพอง
1851,จิ๋มพ่อง
1852,จิ๋มพัง
1853,จิ๋มมด
1854,จิ๋มมหาลัย
1855,จิ๋มมึง
1856,จิ๋มระยำ
1857,จิ๋มร้าง
1858,จิ๋มร่าน
1859,จิ๋มลอก
1860,จิ๋มสถุน
1861,จิ๋มสถุล
1862,จิ๋มส้นตรีน
1863,จิ๋มส้นตีน
1864,จิ๋มสรัด
1865,จิ๋มสัด
1866,จิ๋มสัต
1867,จิ๋มสาด
1868,จิ๋มสุก
1869,จิ๋มหนา
1870,จิ๋มหยั่ย
1871,จิ๋มหย่าย
1872,จิ๋มห่า
1873,จิ๋มอนุบาล
1874,จีเอ็ม
1875,จุลจอมเกล้า
1876,จุฬาลงกรณ์
1877,จู๋
1878,จู๋เกย์
1879,จู๋เกรียน
1880,จู๋เงี่ยน
1881,จู๋เชรี้ย
1882,จู๋เชี่ย
1883,จู๋เชี้ย
1884,จู๋เท่า
1885,จู๋เบา
1886,จู๋เยก
1887,จู๋เล็ก
1888,จู๋เล้ก
1889,จู๋เหี้ย
1890,จู๋เหี่ยว
1891,จู๋เอี้ย
1892,จู๋แดก
1893,จู๋แม่
1894,จู๋แม่ง
1895,จู๋แม่ม
1896,จู๋แมร่ง
1897,จู๋แสรด
1898,จู๋แหก
1899,จู๋ใหญ่
1900,จู๋กรุ
1901,จู๋กรู
1902,จู๋กะเทย
1903,จู๋กาก
1904,จู๋กุ
1905,จู๋กู
1906,จู๋ครวย
1907,จู๋ควาย
1908,จู๋คุวย
1909,จู๋จ่อหี
1910,จู๋จังไร
1911,จู๋จัญไร
1912,จู๋จันไร
1913,จู๋จิ๋ว
1914,จู๋ช้าง
1915,จู๋ตั้ง
1916,จู๋ตุ๊ด
1917,จู๋น้ำแตก
1918,จูบแคม
1919,จูบแตด
1920,จูบครวย
1921,จูบจิ๋ม
1922,จูบจู๋
1923,จูบตีน
1924,จูบตูด
1925,จูบปลายตีน
1926,จูบฝ่าตีน
1927,จู๋บวม
1928,จูบหมอย
1929,จูบหัวตีน
1930,จูบหี
1931,จู๋ป้อเมิง
1932,จู๋ป้อมึง
1933,จู๋ป๊ะ
1934,จู๋พ่อ
1935,จู๋พอง
1936,จู๋พ่อง
1937,จู๋พัง
1938,จู๋ฟราย
1939,จู๋ฟาย
1940,จู๋มด
1941,จู๋ยั่ย
1942,จู๋ระยำ
1943,จู๋ล่อ
1944,จู๋สรัด
1945,จู๋สัด
1946,จู๋สัต
1947,จู๋สัส
1948,จู๋สาด
1949,จู๋หด
1950,จู๋หนัก
1951,จู๋หมา
1952,จู๋หย่าย
1953,จู๋ห่า
1954,จู๋หี
1955,ชักว่าว
1956,ชั่วช้า
1957,ชาติชั่ว
1958,ชาติหมา
1959,ชิงหมาเกิด
1960,ชิบหาย
1961,ชิหาย
1962,ด อ
1963,ดอกเชรี้ย
1964,ดอกเชี่ย
1965,ดอกเชี้ย
1966,ดอกเหี้ย
1967,ดอกเอี้ย
1968,ดอกแม่ง
1969,ดอกแม่ม
1970,ดอกครวย
1971,ดอกคุวย
1972,ดอกชิบหาย
1973,ดอกชิหาย
1974,ดอกทอง
1975,ดอกป้อเมิง
1976,ดอกป้อมึง
1977,ดอกป๊ะ
1978,ดอกพ่อ
1979,ดอกพ่อง
1980,ดอกร่าน
1981,ดอกสรัด
1982,ดอกสัด
1983,ดอกสัต
1984,ดอกสาด
1985,ดอกห่า
1986,ดองทอง
1987,ดูดแคม
1988,ดูดแตด
1989,ดูดครวย
1990,ดูดจิ๋ม
1991,ดูดจู๋
1992,ดูดตีน
1993,ดูดตูด
1994,ดูดปลายตีน
1995,ดูดปาก
1996,ดูดฝ่าตีน
1997,ดูดลิ้น
1998,ดูดหมอย
1999,ดูดหัวตีน
2000,ดูดหัวนม
2001,ดูดหี
2002,ดูหัวนม
2003,ต ูด
2004,ตอแหล
2005,ตี น
2006,ตีฉิ่ง
2007,ตุ๋ย
2008,ตุ๋ยเกย์
2009,ตุ๋ยเคย
2010,ตุ๋ยเชี่ย
2011,ตุ๋ยเมิง
2012,ตุ๋ยแตด
2013,ตุ๋ยแม่
2014,ตุ๋ยแม่ง
2015,ตุ๋ยแม่ม
2016,ตุ๋ยครวย
2017,ตุ๋ยจิ๋ม
2018,ตุ๋ยจู๋
2019,ตุ๋ยชะนี
2020,ตุ๋ยดอ
2021,ตุ๋ยตีน
2022,ตุ๋ยตุ๊ด
2023,ตุ๋ยตูด
2024,ตุ๋ยนม
2025,ตุ๋ยพ่อ
2026,ตุ๋ยพ่อง
2027,ตุ๋ยส้นตีน
2028,ตุ๋ยสัด
2029,ตุ๋ยสัต
2030,ตุ๋ยสาด
2031,ตุ๋ยหน้า
2032,ตุ๋ยหมอย
2033,ตุ๋ยหี
2034,ตู ด
2035,ตูดเกย์
2036,ตูดเชี่ย
2037,ตูดเปรด
2038,ตูดเปรต
2039,ตูดเมิง
2040,ตูดเย็ด
2041,ตูดแดก
2042,ตูดแม่
2043,ตูดแม่ง
2044,ตูดแม่ม
2045,ตูดแหก
2046,ตูดแหวก
2047,ตูดกรุ
2048,ตูดกรู
2049,ตูดกะเทย
2050,ตูดกะหรี่
2051,ตูดกุ
2052,ตูดขี้
2053,ตูดครวย
2054,ตูดจิ๋ม
2055,ตูดชะนี
2056,ตูดตุ๊ด
2057,ตูดบวม
2058,ตูดบาง
2059,ตูดบาน
2060,ตูดป้อ
2061,ตูดป๊ะ
2062,ตูดพ่อ
2063,ตูดพ่อง
2064,ตูดพัง
2065,ตูดล่อ
2066,ตูดสัด
2067,ตูดสัต
2068,ตูดสั่น
2069,ตูดสาด
2070,ตูดหนา
2071,ตูดหมอย
2072,ตูดห่า
2073,ตูดหี
2074,ถอก
2075,ถ่อย
2076,ถุย
2077,ทักษิณ ชินวัตร
2078,ทัตตชีโว
2079,ทุเรศ
2080,ธรรมกาย
2081,ธัมมชโย
2082,ธัมมี่
2083,นเรศวร
2084,นมใหญ่จัง
2085,นมทะลัก
2086,น่าม่อ
2087,นายเด็กเวร
2088,นายเปรต
2089,นายเป-รต
2090,นายเลว
2091,นายเวร
2092,นายเสี่ยว
2093,นายโง่
2094,นายชาติชั่ว
2095,นายชาติหมา
2096,นายชิงหมาเกิด
2097,นายชิบหาย
2098,นายดอแหลน
2099,นายดอก
2100,นายทุเรศ
2101,นายนรก
2102,นายบัดซบ
2103,นายปากหมา
2104,นายลูกกระหรี่
2105,นายลูกหมา
2106,นายสราด
2107,นายสราดดดดดด
2108,นายสักหมา
2109,นายสัด
2110,นายสัดกะหมา
2111,นายสัดหมา
2112,นายสัต
2113,นายสัตย์
2114,นายสัตร์
2115,นายสัตว
2116,นายสันดาน
2117,นายสาด
2118,นายสารเลว
2119,นายหน้าโง่
2120,นายหน้าดอ
2121,นายหน้าด้าน
2122,นายหน้าตัวเมีย
2123,นายหน้าปิ๊
2124,นายหน้ามึน
2125,นายหน้าหมา
2126,นายหอก
2127,นายหอยย่น
2128,นายหัวถอก
2129,นายห่า
2130,นายอ่อน
2131,น่าหม้อ
2132,น้ำแตก
2133,น้ำกาม
2134,น้ำว่าว
2135,บริการทางเพศ
2136,บ๊วบ
2137,บัก!
2138,บัดซบ
2139,บีบหัวนม
2140,ประยุทธ์ จันทร์โอชา
2141,ปลายตรีน
2142,ปลายตีน
2143,ปิ๊
2144,ผู้นําเกาหลีเหนือ
2145,ฝ่าตรีน
2146,ฝ่าตรีนเชี่ย
2147,ฝ่าตรีนเมิง
2148,ฝ่าตรีนแม่
2149,ฝ่าตรีนแม่ง
2150,ฝ่าตรีนแม่ม
2151,ฝ่าตรีนกรุ
2152,ฝ่าตรีนกรู
2153,ฝ่าตรีนกุ
2154,ฝ่าตรีนครวย
2155,ฝ่าตรีนชิบ
2156,ฝ่าตรีนป้อ
2157,ฝ่าตรีนพ่อ
2158,ฝ่าตรีนพ่อง
2159,ฝ่าตรีนสัด
2160,ฝ่าตรีนสัต
2161,ฝ่าตรีนสาด
2162,ฝ่าตรีนห่า
2163,ฝ่าตีน
2164,ฝ่าตีนเชี่ย
2165,ฝ่าตีนเมิง
2166,ฝ่าตีนแม่
2167,ฝ่าตีนแม่ง
2168,ฝ่าตีนแม่ม
2169,ฝ่าตีนกรุ
2170,ฝ่าตีนกรู
2171,ฝ่าตีนกุ
2172,ฝ่าตีนครวย
2173,ฝ่าตีนชิบ
2174,ฝ่าตีนป้อ
2175,ฝ่าตีนพ่อ
2176,ฝ่าตีนพ่อง
2177,ฝ่าตีนสัด
2178,ฝ่าตีนสัต
2179,ฝ่าตีนสาด
2180,ฝ่าตีนห่า
2181,พ่ อ มึ ง ตา ย
2182,พระเกย์
2183,พระเจ้า
2184,พระเจ้าแผ่นดิน
2185,พระเจ้าตาก
2186,พระเจ้าหลานเธอ
2187,พระเจ้าอยู่หัว
2188,พระเทพ
2189,พระเยซู
2190,พระจอมเกล้า
2191,พระตุ๊ด
2192,พระนเรศวร
2193,พระนั่งเกล้า
2194,พระบรม
2195,พระบรมโกศ
2196,พระบาทสมเด็จพระเจ้าอยู่หัวในพระบรมโกศ
2197,พระบาทสมเด็จพระปรมินทรมหาภูมิพลอดุลยเดช
2198,พระพุทธเจ้า
2199,พระราชา
2200,พระราชินี
2201,พระองค์
2202,พระองค์เจ้าทีปังกรรัศมีโชติ
2203,พระอัลเลาะห์
2204,พ่อ die
2205,พ่อเมิง
2206,พ่อเมิงตาย
2207,พ่อแม่ไม่ได้สั่งสอน
2208,พ่อแม่ไม่สั่งสอน
2209,พ่อแย่จังตาย
2210,พ่อไม่สั่งสอน
2211,พ่อคิงแม่คิง
2212,พ่อคิงหยั่ง
2213,พ่อคุณเหรอ
2214,พ่อตาย
2215,พ่อมรึงตาย
2216,พ่อมรึงสิ
2217,พ่อมึงตาย
2218,พ่อสิ้น
2219,พ่อหลวง
2220,พุทโธเลี่ยน
2221,พุทธเทียม
2222,พุทธแท้
2223,พุทธยอดฟ้า
2224,ฟัก ยู
2225,ฟักยู
2226,ฟ้าชาย
2227,ภูมิพล
2228,มงกุฎเกล้า
2229,มรึง
2230,มึ ง
2231,มึง
2232,มึ-ง
2233,ยอดแตด
2234,ยอดครวย
2235,ยอดจิ๋ม
2236,ยอดจู๋
2237,ยอดตรีน
2238,ยอดตีน
2239,ยอดตูด
2240,ยอดฝ่าตรีน
2241,ยอดฝ่าตีน
2242,ยอดหมอย
2243,ยอดห่า
2244,ยอดหี
2245,ยักสุเน็ต
2246,ยัดแม่
2247,ร่วมเพศ
2248,ระยำ
2249,รัชกาล
2250,ราชบัลลังก์
2251,ราชวงศ์
2252,ร่าน
2253,รุมโทรม
2254,รูเชี่ย
2255,รูแตด
2256,รูแม่
2257,รูแม่ง
2258,รูแม่ม
2259,รูแหก
2260,รูครวย
2261,รูจิ๋ม
2262,รูจู๋
2263,รูตีน
2264,รูตุ๋ย
2265,รูฝ่าตีน
2266,รูพ่อ
2267,รูพ่อง
2268,รูวาน
2269,รูวาร
2270,รูส้นตีน
2271,รูหมอย
2272,รูหี
2273,ลงแขก
2274,ล้มเจ้า
2275,ล่อเชี่ย
2276,ล่อแตด
2277,ล่อแม่
2278,ล่อครวย
2279,ล่อจิ๋ม
2280,ล่อจู๋
2281,ล่อตรีน
2282,ล่อตีน
2283,ล่อตูด
2284,ล่อส้นตรีน
2285,ล่อส้นตีน
2286,ล่อสัดๆ
2287,ล่อหมอย
2288,ล่อห่า
2289,ล่อหี
2290,ลัทธิจานบิน
2291,ลาวสัด
2292,ลุงตู่
2293,ลูกอีกะหรี่
2294,ลูกอีดอกทอง
2295,ลูกอีสาด
2296,ศรีรัตน์
2297,สถุน
2298,สถุล
2299,ส้นตรีน
2300,ส้นตรีนเชี่ย
2301,ส้นตรีนเมิง
2302,ส้นตรีนแม่
2303,ส้นตรีนแม่ง
2304,ส้นตรีนแม่ม
2305,ส้นตรีนโคด
2306,ส้นตรีนโคตร
2307,ส้นตรีนกรุ
2308,ส้นตรีนกรู
2309,ส้นตรีนกุ
2310,ส้นตรีนครวย
2311,ส้นตรีนชิบ
2312,ส้นตรีนป้อ
2313,ส้นตรีนพ่อ
2314,ส้นตรีนพ่อง
2315,ส้นตรีนสัด
2316,ส้นตรีนสัต
2317,ส้นตรีนสาด
2318,ส้นตรีนห่า
2319,ส้นตีน
2320,ส้นตีนเชี่ย
2321,ส้นตีนเมิง
2322,ส้นตีนแม่
2323,ส้นตีนแม่ง
2324,ส้นตีนแม่ม
2325,ส้นตีนโคด
2326,ส้นตีนโคตร
2327,ส้นตีนกรุ
2328,ส้นตีนกรู
2329,ส้นตีนกุ
2330,ส้นตีนครวย
2331,ส้นตีนชิบ
2332,ส้นตีนป้อ
2333,ส้นตีนพ่อ
2334,ส้นตีนพ่อง
2335,ส้นตีนสัด
2336,ส้นตีนสัต
2337,ส้นตีนสาด
2338,ส้นตีนห่า
2339,สมเด็จพระเจ้าอยู่หัวมหาวชิราลงกรณ บดินทรเทพยวรางกูร
2340,สรัด
2341,สราด
2342,สวรรคต
2343,สวรรคาลัย
2344,สวะ
2345,สะถุล
2346,สังฆราช
2347,สัด
2348,สัดเงี่ยน
2349,สัดเช้ด
2350,สัดเชร้ด
2351,สัดเชรี้ย
2352,สัดเชี่ย
2353,สัดเชี้ย
2354,สัดเปรด
2355,สัดเปรต
2356,สัดเย็ด
2357,สัดเย้ด
2358,สัดเหี้ย
2359,สัดเหี้ยเหี้ย
2360,สัดเอี้ย
2361,สัดแดก
2362,สัดแม่
2363,สัดแม่ง
2364,สัดแม่ม
2365,สัดแมร่ง
2366,สัดกาก
2367,สัดครวย
2368,สัดดอก
2369,สัดดออ
2370,สัดตีน
2371,สัดตุ๊ด
2372,สัดป้อเมิง
2373,สัดป้อมึง
2374,สัดป๊ะ
2375,สัดพ่อ
2376,สัดพ่อง
2377,สัดสถุน
2378,สัดสถุล
2379,สัดส้นตรีน
2380,สัดส้นตีน
2381,สัดหมา
2382,สัดห่า
2383,สัดหี
2384,สัต
2385,สัตเงี่ยน
2386,สัตเช้ด
2387,สัตเชร้ด
2388,สัตเชรี้ย
2389,สัตเชี่ย
2390,สัตเปรด
2391,สัตเปรต
2392,สัตเย็ด
2393,สัตเย้ด
2394,สัตเหี้ย
2395,สัตเหี้ยเหี้ย
2396,สัตเอี้ย
2397,สัตแดก
2398,สัตแม่
2399,สัตแม่ง
2400,สัตแม่ม
2401,สัตแมร่ง
2402,สัตกาก
2403,สัตครวย
2404,สัตดอก
2405,สัตดออ
2406,สัตตีน
2407,สัตตุ๊ด
2408,สัตป้อเมิง
2409,สัตป้อมึง
2410,สัตป๊ะ
2411,สัตพ่อ
2412,สัตพ่อง
2413,สัตสถุน
2414,สัตสถุล
2415,สัตส้นตรีน
2416,สัตส้นตีน
2417,สัตหมา
2418,สัตห่า
2419,สัตหี
2420,สันดานไพร่
2421,สันดานหมา
2422,สัส
2423,สา-ด
2424,สาดเอ้ย
2425,สาดเอ๊ย
2426,สาดด
2427,สาดหมา
2428,สารเลว
2429,สิทธิทัตถะ
2430,สิริกิต
2431,สิริกิตติ
2432,สิริกิตติ์
2433,หงี่
2434,หน้าเชรี่ย
2435,หน้าเชี่ย
2436,หน้าเม็ด!
2437,หน้าเหรี้ย
2438,หน้าเหี้ย
2439,หน้าแตด
2440,หน้าครวย
2441,หน้าควายตัวเมีย
2442,หน้าจู๋
2443,หน้าตัวเมีย
2444,หน้าปิ
2445,หน้าม่อ
2446,หน้าส้นตรีน
2447,หน้าส้นตีน
2448,หน้าสัด
2449,หน้าสัต
2450,หน้าสาด
2451,หน้าหนัง!
2452,หน้าหม้อ
2453,หน้าหมอย
2454,หน้าหมา
2455,หน้าหรี
2456,หน้าห่า
2457,หน้าหี
2458,หมอย
2459,หมอยเกย์
2460,หมอยเช้ด
2461,หมอยเชร้ด
2462,หมอยเชรี่ย
2463,หมอยเชี่ย
2464,หมอยเชี้ย
2465,หมอยเมิง
2466,หมอยเย็ด
2467,หมอยเย้ด
2468,หมอยเห็ดสด
2469,หมอยเหี้ย
2470,หมอยแดก
2471,หมอยแตด
2472,หมอยแม่
2473,หมอยแม่ง
2474,หมอยแม่ม
2475,หมอยแมร่ง
2476,หมอยแสรด
2477,หมอยกรุ
2478,หมอยกรู
2479,หมอยกะเทย
2480,หมอยกะหรี่
2481,หมอยกุ
2482,หมอยกู
2483,หมอยครวย
2484,หมอยคุวย
2485,หมอยจิ๋ม
2486,หมอยจู๋
2487,หมอยชะนี
2488,หมอยดก
2489,หมอยดำ
2490,หมอยตุ๊ด
2491,หมอยบาง
2492,หมอยบ้าน
2493,หมอยป้อ
2494,หมอยพ่อ
2495,หมอยพ่อง
2496,หมอยมรึง
2497,หมอยมึง
2498,หมอยรก
2499,หมอยล่อ
2500,หมอยสรัด
2501,หมอยสัด
2502,หมอยสัต
2503,หมอยสาด
2504,หมอยหนา
2505,หมอยห่า
2506,หมอยหี
2507,หมาไม่แดก
2508,หมาคาบไปแดก
2509,หยาบช้า
2510,หยีเหม็น
2511,หลวงเจ้
2512,หลวงเจ๊
2513,หลั่งใน
2514,หลั่งนอก
2515,ห้วดอ
2516,หอกหัก
2517,หอยหลอด
2518,หัวเชรี้ย
2519,หัวเชี่ย
2520,หัวเชี้ย
2521,หัวเหี้ย
2522,หัวแตด
2523,หัวแม่เมิง
2524,หัวแม่ง
2525,หัวแม่ม
2526,หัวครวย
2527,หัวจิ๋ม
2528,หัวดอ
2529,หัวตีน
2530,หัวนม
2531,หัวพ่อเมิง
2532,หัวพ่อง
2533,หัวส้นตีน
2534,หัวหน่าว
2535,หัวหมอย
2536,หัวห่า
2537,หัวหี
2538,ห่าเกรียน
2539,ห่าเงี่ยน
2540,ห่าเชรี้ย
2541,ห่าเชี่ย
2542,ห่าเชี้ย
2543,ห่าเปรด
2544,ห่าเปรต
2545,ห่าเหว
2546,ห่าเหี้ย
2547,ห่าเอ้ย
2548,ห่าเอี้ย
2549,ห่าแม่
2550,ห่าแม่ง
2551,ห่าแม่ม
2552,ห่าแมร่ง
2553,ห่าแรด
2554,ห่าแสรด
2555,ห่าครวย
2556,ห่าดอ
2557,ห่าดอก
2558,ห่าบ้าน
2559,ห่าป้อ
2560,ห่าพ่อ
2561,ห่าพ่อง
2562,ห่าราก
2563,ห่าร่าน
2564,ห่าลาก
2565,ห่าสรัด
2566,ห่าสัด
2567,ห่าสัต
2568,ห่าสัส
2569,ห่าสาด
2570,ห่าหอย
2571,ห่าหี
2572,หี
2573,หีเช้ด
2574,หีเชร้ด
2575,หีเชรี้ย
2576,หีเชี่ย
2577,หีเชี้ย
2578,หีเน่า
2579,หีเปรด
2580,หีเปรต
2581,หีเยก
2582,หีเย็ด
2583,หีเย้ด
2584,หีเล็ก
2585,หีเล้ก
2586,หีเห็ดสด
2587,หีเหม็น
2588,หีเหี้ย
2589,หีเหี่ยว
2590,หีเอี้ย
2591,หีแดก
2592,หีแม่
2593,หีแม่ง
2594,หีแม่ม
2595,หีแมร่ง
2596,หีแรด
2597,หีแสรด
2598,หีแหก
2599,หีแห้ง
2600,หีใหญ่
2601,หีกรุ
2602,หีกรู
2603,หีกะเทย
2604,หีกะหรี่
2605,หีกุ
2606,หีกู
2607,หีขึ้นรา
2608,หีครวย
2609,หีควาย
2610,หีคุวย
2611,หีจังไร
2612,หีจัญไร
2613,หีจันไร
2614,หีชะนี
2615,หีช้าง
2616,หีตุ๊ด
2617,หีบวม
2618,หีบาง
2619,หีบาน
2620,หีบ้าน
2621,หีประถม
2622,หีปลวก
2623,หีป้อเมิง
2624,หีป้อมึง
2625,หีป๊ะ
2626,หีพ่อ
2627,หีพอง
2628,หีพ่อง
2629,หีพัง
2630,หีมด
2631,หีมหาลัย
2632,หีมึง
2633,หีระยำ
2634,หีร้าง
2635,หีร่าน
2636,หีล่อ
2637,หีลอก
2638,หีลุก
2639,หีสถุน
2640,หีสถุล
2641,หีส้นตรีน
2642,หีส้นตีน
2643,หีสรัด
2644,หีสัด
2645,หีสัต
2646,หีสั่น
2647,หีสาด
2648,หีสุก
2649,หีหนา
2650,หีหยั่ย
2651,หีหย่าย
2652,หีห่า
2653,หีอนุบาล
2654,หึเมิง
2655,หื่น
2656,องคชาติ
2657,อดุลยเดช
2658,อมหัวดอ
2659,อยากเสียว
2660,อยากเอาหญิง
2661,อยากมี sex
2662,อยากอึบ
2663,อ่อนสัด
2664,อัณฑะ
2665,อัดถั่วดำ
2666,อัลเลาะ
2667,อัลเลาะห์
2668,อานันทมหิดล
2669,อ้ายเ ว ร
2670,อายเชี้ย
2671,อ้ายเหรี้ย
2672,อ้ายเห-รี้ย
2673,อ้ายฟาย
2674,อ้ายสัด
2675,อ้ายสาด
2676,อ้ายสาดหมา
2677,อ้ายห่า
2678,อิดอก
2679,อิสัตว์
2680,อี แรด
2681,อี ชาติหมา
2682,อี!เบี้ยว
2683,อี_ดอก
2684,อีเชี่ย
2685,อีเดียด
2686,อีเป็งสุดา
2687,อีเปรต
2688,อีเลว
2689,อีเวน
2690,อีเวร
2691,อีเห็ดสด
2692,อีแตรด
2693,อีแพศยา
2694,อีแพสยา
2695,อีแมงดา
2696,อีแรด
2697,อีโง่
2698,อีโสเภณี
2699,อีไพร่
2700,อีกระหรี่
2701,อีกะหรี
2702,อีกะหรี่
2703,อีขายตูด
2704,อีควาย
2705,อีจิ๋ม
2706,อีชั่ว
2707,อีช้างเย๊ด
2708,อีชาดชั่ว
2709,อีชาดหมา
2710,อีชาติชั่ว
2711,อีชาติชั้ว
2712,อีชาติหมา
2713,อีด อก
2714,อีด/อก
2715,อีดอก
2716,อีด-อก
2717,อีตัว
2718,อีตุ๊ด
2719,อีตูด
2720,อีบ้า
2721,อีฟราย
2722,อีฟาย
2723,อีมะขวิด
2724,อีร่าน
2725,อีลูกกระหรี่
2726,อีวอก
2727,อีส้นตีน
2728,อีสัด
2729,อีสัต
2730,อีสัตว์
2731,อีสาด
2732,อีสำส่อน
2733,อีหมอย
2734,อีหอก
2735,อีหอย
2736,อีหอยดอง
2737,อีหอยหลอด
2738,อีหัวสำรอก
2739,อีห่า
2740,อีห่าราก
2741,อีอับปรี
2742,
2743,
2744,
2745,
2746,
2747,
2748,
2749,
2750,
2751,
2752,
2753,
2754,
2755,
2756,
2757,
2758,
2759,
2760,
2761,
2762,
2763,
2764,
2765,
2766,
2767,
2768,
2769,
2770,
2771,
2772,
2773,
2774,
2775,
2776,
2777,
2778,
2779,
2780,
2781,
2782,
2783,
2784,
2785,
2786,
2787,
2788,
2789,
2790,
2791,
2792,
2793,
2794,
2795,
2796,
2797,
2798,
2799,
2800,
2801,
2802,
2803,
2804,
2805,
2806,
2807,
2808,
2809,
2810,
2811,
2812,
2813,
2814,
2815,
2816,
2817,
2818,
2819,
2820,
2821,
2822,
2823,
2824,
2825,
2826,
2827,
2828,
2829,
2830,
2831,
2832,
2833,
2834,
2835,
2836,
