Id,Name,Description,EffectDescription,SkillDialogue
1101,人类剑斩1,使用剑与盾牌的基本攻击,,
1102,人类剑斩2,@1101,,
1103,人类剑斩3,@1101,,
1104,人类剑斩4,@1101,,
1105,人类剑斩5,@1101,,
1106,人类剑斩6,@1101,,
1201,精灵剑斩1,@1101,,
1202,精灵剑斩2,@1101,,
1203,精灵剑斩3,@1101,,
1204,精灵剑斩4,@1101,,
1205,精灵剑斩5,@1101,,
1206,精灵剑斩6,@1101,,
1301,黑暗精灵剑斩1,@1101,,
1302,黑暗精灵剑斩2,@1101,,
1303,黑暗精灵剑斩3,@1101,,
1304,黑暗精灵剑斩4,@1101,,
1305,黑暗精灵剑斩5,@1101,,
1306,黑暗精灵剑斩6,@1101,,
1401,矮人剑斩1,@1101,,
1402,矮人剑斩2,@1101,,
1403,矮人剑斩3,@1101,,
1404,矮人剑斩4,@1101,,
1405,矮人剑斩5,@1101,,
1406,矮人剑斩6,@1101,,
2101,人类戟击1,使用枪矛的基本攻击,,
2102,人类戟击2,@2101,,
2103,人类戟击3,@2101,,
2104,人类戟击4,@2101,,
2105,人类戟击5,@2101,,
2106,人类戟击6,@2101,,
2201,精灵戟击1,@2101,,
2202,精灵戟击2,@2101,,
2203,精灵戟击3,@2101,,
2204,精灵戟击4,@2101,,
2205,精灵戟击5,@2101,,
2206,精灵戟击6,@2101,,
2301,黑暗精灵戟击1,@2101,,
2302,黑暗精灵戟击2,@2101,,
2303,黑暗精灵戟击3,@2101,,
2304,黑暗精灵戟击4,@2101,,
2305,黑暗精灵戟击5,@2101,,
2306,黑暗精灵戟击6,@2101,,
2401,矮人戟击1,@2101,,
2402,矮人戟击2,@2101,,
2403,矮人戟击3,@2101,,
2404,矮人戟击4,@2101,,
2405,矮人戟击5,@2101,,
2406,矮人戟击6,@2101,,
3101,人类二刀流连击1,使用二刀流的基本攻击,,
3102,人类二刀流连击2,@3101,,
3103,人类二刀流连击3,@3101,,
3104,人类二刀流连击4,@3101,,
3105,人类二刀流连击5,@3101,,
3106,人类二刀流连击6,@3101,,
3107,人类二刀流连击7,@3101,,
3108,人类二刀流连击8,@3101,,
3201,精灵二刀流连击1,@3101,,
3202,精灵二刀流连击2,@3101,,
3203,精灵二刀流连击3,@3101,,
3204,精灵二刀流连击4,@3101,,
3205,精灵二刀流连击5,@3101,,
3206,精灵二刀流连击6,@3101,,
3207,精灵二刀流连击7,@3101,,
3208,精灵二刀流连击8,@3101,,
3301,黑暗精灵二刀流连击1,@3101,,
3302,黑暗精灵二刀流连击2,@3101,,
3303,黑暗精灵二刀流连击3,@3101,,
3304,黑暗精灵二刀流连击4,@3101,,
3305,黑暗精灵二刀流连击5,@3101,,
3306,黑暗精灵二刀流连击6,@3101,,
3307,黑暗精灵二刀流连击7,@3101,,
3308,黑暗精灵二刀流连击8,@3101,,
3401,矮人二刀流连击1,@3101,,
3402,矮人二刀流连击2,@3101,,
3403,矮人二刀流连击3,@3101,,
3404,矮人二刀流连击4,@3101,,
3405,矮人二刀流连击5,@3101,,
3406,矮人二刀流连击6,@3101,,
3407,矮人二刀流连击7,@3101,,
3408,矮人二刀流连击8,@3101,,
4101,人类刃刺1,使用匕首的基本攻击,,
4102,人类刃刺2,@4101,,
4103,人类刃刺3,@4101,,
4104,人类刃刺4,@4101,,
4105,人类刃刺5,@4101,,
4106,人类刃刺6,@4101,,
4201,精灵刃刺1,@4101,,
4202,精灵刃刺2,@4101,,
4203,精灵刃刺3,@4101,,
4204,精灵刃刺4,@4101,,
4205,精灵刃刺5,@4101,,
4206,精灵刃刺6,@4101,,
4301,黑暗精灵刃刺1,@4101,,
4302,黑暗精灵刃刺2,@4101,,
4303,黑暗精灵刃刺3,@4101,,
4304,黑暗精灵刃刺4,@4101,,
4305,黑暗精灵刃刺5,@4101,,
4306,黑暗精灵刃刺6,@4101,,
4401,矮人刃刺1,@4101,,
4402,矮人刃刺2,@4101,,
4403,矮人刃刺3,@4101,,
4404,矮人刃刺4,@4101,,
4405,矮人刃刺5,@4101,,
4406,矮人刃刺6,@4101,,
5101,基础射击1,使用弓箭的基本攻击,,
5102,基础射击2,@5101,,
5103,基础射击3,@5101,,
5104,基础射击4,@5101,,
5201,基础射击1,@5101,,
5202,基础射击2,@5101,,
5203,基础射击3,@5101,,
5204,基础射击4,@5101,,
5301,基础射击1,@5101,,
5302,基础射击2,@5101,,
5303,基础射击3,@5101,,
5304,基础射击4,@5101,,
5401,基础射击1,@5101,,
5402,基础射击2,@5101,,
5403,基础射击3,@5101,,
5404,基础射击4,@5101,,
6101,法爆1,使用魔杖的基本攻击,,
6102,法爆2,@6101,,
6103,法爆3,@6101,,
6104,法爆4,@6101,,
6201,法爆1,@6101,,
6202,法爆2,@6101,,
6203,法爆3,@6101,,
6204,法爆4,@6101,,
6301,法爆1,@6101,,
6302,法爆2,@6101,,
6303,法爆3,@6101,,
6304,法爆4,@6101,,
6401,法爆1,@6101,,
6402,法爆2,@6101,,
6403,法爆3,@6101,,
6404,法爆4,@6101,,
11111,能量冲击,"<SkillTitle>[使用所有武器]</>
引爆前方凝结的气息，让敌人受到伤害。",伤害量：攻击力的{[Use34Param]1%}%+{1},
11112,强力攻击,"<SkillTitle>[剑盾，枪矛，二刀流专用]</>
大力挥武器，造成伤害并击倒敌人。","伤害量：攻击力的{[Use34Param]1%}%+{1}
击倒敌人2秒",
11113,疾袭冲击,"<SkillTitle>[剑盾，枪矛，二刀流专用]</>
向敌人突击，造成伤害并击倒敌人。",@11112,
11121,@11111,@11111,@11111,
11122,致命爆破,"<SkillTitle>[匕首专用]</>
运气并试图发动强大的要害攻击，击倒对方。",@11112,
11123,突袭斩,"<SkillTitle>[匕首专用]</>
穿过敌人并进行攻击，使敌人暂时晕眩。","伤害量：攻击力的{[Use34Param]1%}%+{1}
使敌人晕眩2秒",
11124,能量箭,"<SkillTitle>[弓专用]</>
发射箭矢对敌人造成伤害，并击倒对方。","伤害量：攻击力的{[Use34Param]1-1%}%+{1-1}
击倒敌人2秒",
11125,连环箭,"<SkillTitle>[弓专用]</>
向前方敌人发射两发箭矢让敌人受到强大的伤害。",伤害量：2次发射为攻击力的{[Use34Param]1-1%}%+{1-1},
11131,能量弹,"<SkillTitle>[使用所有武器]</>
向前方发射贯穿的能量球体，攻击远方的敌人。",伤害量：攻击力的{[Use34Param]1-1%}%+{1-1},
11132,火焰狂袭,"<SkillTitle>[魔杖专用]</>
丢出火焰球让敌人受到爆炸伤害并击倒敌人。",@11124,
11133,狂风之击,"<SkillTitle>[魔杖专用]</>
直线贯穿敌人，并引起飞天旋风攻击敌人。",@11131,
12111,@11111,@11111,@11111,
12112,@11112,@11112,@11112,
12113,@11113,@11113,@11112,
12121,@11111,@11111,@11111,
12122,@11122,@11122,@11112,
12123,@11123,@11123,@11123,
12124,@11124,@11124,@11124,
12125,@11125,@11125,@11125,
12131,@11131,@11131,@11131,
12132,@11132,@11132,@11124,
12133,@11133,@11133,@11131,
13111,@11111,@11111,@11111,
13112,@11112,@11112,@11112,
13113,@11113,@11113,@11112,
13121,@11111,@11111,@11111,
13122,@11122,@11122,@11112,
13123,@11123,@11123,@11123,
13124,@11124,@11124,@11124,
13125,@11125,@11125,@11125,
13131,@11131,@11131,@11131,
13132,@11132,@11132,@11124,
13133,@11133,@11133,@11131,
14111,@11111,@11111,@11111,
14112,@11112,@11112,@11112,
14113,@11113,@11113,@11112,
14121,@11111,@11111,@11111,
14122,@11122,@11122,@11112,
14123,@11123,@11123,@11123,
14124,@11124,@11124,@11124,
14125,@11125,@11125,@11125,
14131,@11131,@11131,@11131,
14132,@11132,@11132,@11124,
14133,@11133,@11133,@11131,
11211,猛击,"<SkillTitle>[剑盾专用]</>
大力挥武器，造成伤害并击倒敌人。","伤害量：攻击力的 {[Use34Param]1%}% + {1}
敌人2秒倒下
仇恨增加50%",
11212,复仇,"<SkillTitle>[剑盾专用]</>
高喊并攻击周围的敌人，挑衅敌人并攻击自己。受到攻击的敌人会暂时进入无法控制的状态，不能使用技能。","伤害量：攻击力的{[Use34Param]1%}% + {1}，受到攻击的敌人8秒内攻击力减少{4-1}
怪物挑衅：敌人8秒内将攻击集中在自己身上
玩家挑衅：敌人4秒内无法使用技能且攻击会集中在自己身上",
11213,霸体,"<SkillTitle>[剑盾专用]</>
暂时让防御率增加，并反射部分受到的伤害。","防御力增加{1-2%}%
反射所受伤害的{1-1%}%
持续时间：15秒",
11221,审判,"<SkillTitle>[枪矛，二刀流专用]</>
大力挥武器，造成伤害并击倒敌人。",@11112,
11222,怒雷风暴,"<SkillTitle>[枪矛，二刀流专用]</>
大力撞击地面向周围的敌人造成伤害并让敌人晕眩。",@11123,
11223,大灭绝,"<SkillTitle>[枪矛，二刀流专用]</>
攻击时，打击敌人的数量和攻击速度增加。","同时打击数量增加{1-1}，攻击速度增加{1-2%}%
持续时间：15秒",
11231,砂云,"<SkillTitle>[匕首专用]</>
向前方喷洒尘土造成伤害。受到攻击的敌人会视野受阻并大幅减少命中率。","伤害量：攻击力的{[Use34Param]1%}%+{1}
使敌人10秒内命中率减少{2%}%",
11232,背刺,"<SkillTitle>[匕首专用]</>
瞬间移动到敌人后方，向附近的敌人造成伤害并让敌人晕眩。","伤害量：攻击力的{[Use34Param]1%}%+{1}
使敌人晕眩3秒",
11233,速度激发,"<SkillTitle>[匕首专用]</>
暂时大幅增加攻击速度和回避。","攻击速度增加{1-1%}%
回避增加{2-1%}%
持续时间：15秒",
11241,多重射击,"<SkillTitle>[弓专用]</>
以散射方式发射贯穿敌人的箭矢，造成范围伤害并击倒敌人。",@11112,
11242,箭雨,"<SkillTitle>[弓专用]</>
向前方5公尺位置半径4公尺的范围发射箭雨，持续造成范围伤害并减慢移动速度。","伤害量：攻击力的{[Use34Param]1-1%}% + {1-1}及
每4次打击额外追加攻击力的{[Use34Param]1-2%}% + {1-2}
敌人3秒内移动速度减慢{PhyBuff:11242-1%}%",
11243,狙击者,"<SkillTitle>[弓专用]</>
谨慎地移动，提高攻击力及命中率。处于狙击状态时，可以对付更远的敌人。","攻击距离4公尺，攻击力增加{1-2%}%，命中增加{1-3}
持续时间：15秒",
11244,鹰眼,"<SkillTitle>[弓专用]</>
发动鹰的眼睛[鹰眼]。处于鹰眼状态时会增加暴击和伤害。","暴击增加{1-1}，攻击伤害增加{1-2%}%
持续时间：20秒",
11251,魔法阵‧爆炎,"<SkillTitle>[魔杖专用]</>
在前方产生强大的火柱，造成范围伤害。",伤害量：5次打击为攻击力的{[Use34Param]1%}%+{1},
11252,火焰球,"<SkillTitle>[魔杖专用]</>
往前方发射贯穿敌人且在最远距离会爆炸的巨大火焰球体。","伤害量：攻击力的{[Use34Param]1-3%}%+{1-3}
爆炸伤害量：攻击力的{[Use34Param]1-1%}%+{1-1}
爆炸后击倒敌人2秒",
11253,魔力强化,"<SkillTitle>[魔杖专用]</>
通过增加技能消耗的MP量，强化技能的攻击力。","MP消耗量增加{1-1%}% 
技能攻击力增加{1-2%}%
持续时间：90秒",
11261,神圣惩罚,"<SkillTitle>[魔杖专用]</>
向前方引起神圣的爆炸，让范围内的敌人们受到伤害并击倒敌人。","伤害量：攻击力的{[Use34Param]1%}%+{1}
击倒敌人2.5秒",
11262,极大治愈术,"<SkillTitle>[魔杖专用]</>
用神圣的力量治愈自己和周围的队员们，恢复HP与MP。","HP恢复量：攻击力的{[Use34Param]1%}%+{1}
MP恢复量：攻击力的{[Use34Param]2%}%+{2}",
12211,裁决,"<SkillTitle>[剑盾专用]</>
大力挥武器，造成伤害并击倒敌人，挑衅敌人并攻击自己。","伤害量：攻击力的{[Use34Param]1%}%+{1}
仇恨值增加30%
使敌人击倒2秒",
12212,伊瓦斯格雷斯,"<SkillTitle>[剑盾专用]</>
在地面上产生神圣地带，让范围内的敌人受到持续伤害并减少对方的恢复量。","伤害量：6次打击为攻击力的{[Use34Param]1%}%+{1}
范围内的敌人恢复量减少50%",
12213,庇护之势,"<SkillTitle>[剑盾专用]</>
短时间内对伤害和状态异常免疫且增加移动速度。","5秒内对伤害及状态异常免疫
15秒内移动速度增加{2-1%}%",
12221,波动冲击,"<SkillTitle>[枪矛，二刀流专用]</>
向前方发射剑气，让远方的敌人受到攻击，并移动速度减慢。","伤害量：攻击力的{[Use34Param]1-1%}%+{1-1}
被击敌人5秒内移动速度会减少{PhyBuff:12221-1%}%",
12222,波动风暴,"<SkillTitle>[枪矛，二刀流专用]</>
向前方发射爆发的剑气，造成伤害并击倒对方。","伤害量：攻击力的{[Use34Param]1-1%}%+{1-1}
击倒敌人2.5秒",
12223,战斗节奏,"<SkillTitle>[枪矛，二刀流专用]</>
自己和队员的攻击力与防御力增加。","攻击力增加{1-1}
防御力增加{1-3}
持续时间：90秒",
12224,猎者之歌,"<SkillTitle>[枪矛，二刀流专用]</>
自己和队员的暴击与暴击伤害增加。","暴击增加{1-1%}%
暴击伤害增加{1-2%}% 
持续时间 : 30秒",
12231,三分裂,"<SkillTitle>[匕首专用]</>
向前方快速攻击3次，造成强大的伤害并减少敌人的防御力，攻击速度和移动速度。","伤害量：攻击力的{[Use34Param]1%}%+{1}
使敌人5秒内防御力减少{2-1%}%
使敌人5秒内攻击速度减少{2-3%}%
移动速度减慢{2-4%}%",
12232,刀刃飓风,"<SkillTitle>[匕首专用]</>
向前方猛烈攻击，不断让范围内的敌人受到伤害。被攻击的敌人会晕眩。","伤害量：攻击力的{[Use34Param]1-1%}%+{1-1}
使敌人晕眩3秒",
12233,大地行走,"<SkillTitle>[匕首专用]</>
攻击速度和移动速度大幅增加，且持续时间内HP吸收率会增加。","攻击速度增加{1-1%}%，移动速度增加{1-2%}%
HP吸收率增加{1-3%}%
持续时间：20秒",
12241,断魂箭,"<SkillTitle>[弓专用]</>
发射尖锐的贯穿型箭矢让前方的敌人受到伤害并让敌人晕眩。","伤害量：攻击力的{[Use34Param]1-1%}%+{1-1}
击倒敌人2秒",
12242,二连矢,"<SkillTitle>[弓专用]</>
连续向前方发射2次弓箭形态的气，让被贯穿的敌人受到伤害。受到攻击的敌人防御力会减少。","伤害量：每2次发射攻击力的{[Use34Param]1-1%}%+{1-1}
敌人10秒内防御力会减少{PhyBuff:12242-1%}%
",
12243,心眼,"<SkillTitle>[弓专用]</>
暴击率大幅增加。","暴击增加{1-1}
持续时间：30秒",
12244,双倍移动加速,"<SkillTitle>[弓专用]</>
攻击速度和移动速度增加。","移动速度增加{1-1%}，攻击速度增加{1-2%}%
持续时间：30秒",
12251,冰锥术,"<SkillTitle>[魔杖专用]</>
向前方发射冰枪矛，让敌人受到强大的伤害和减速效果。","伤害量：攻击力的{[Use34Param]1-2%}% + {1-2}
敌人5秒内移动速度减慢{PhyBuff:12251-1%}%",
12252,暴风雪,"<SkillTitle>[魔杖专用]</>
持续在自己周边引起暴风雪，攻击周边造成伤害，受到攻击的敌人会有减速和晕眩效果。","伤害量 :5次攻击为攻击力的{[Use34Param]1%}% + {1}
使敌人5秒内移动速度减慢{2-1%}% 
使敌人晕眩2秒",
12261,神圣之火,"<SkillTitle>[魔杖专用]</>
用神圣的火焰柱发动攻击，让敌人受到伤害并受到伤害增加效果。","伤害量：攻击力的{[Use34Param]1%}%+{1}和
每2次打击额外追加攻击力的{[Use34Param]2-1%}%+{2-1}
使敌人7秒内受到的伤害增加{3-1%}%",
12262,修复术,"<SkillTitle>[魔杖专用]</>
赋予持续让自己和周围队员恢复HP的效果。",恢复量：6秒内，攻击力的{[Use34Param]1-1%}%+{1-1},
12263,精神恢复,"<SkillTitle>[魔杖专用]</>
振奋精神，让自己和队伍的技能冷却时间减少，消除减益效果。","技能冷却时间减少{1-1#}秒
持续时间：20秒
技能使用后减益效果解除",
12264,跟随防御,"<SkillTitle>[魔杖专用]</>
自己和队伍的防御力增加。","防御力增加{1-1%}%
持续时间：40秒",
13211,生命吸取,"<SkillTitle>[剑盾专用]</>
大力挥武器，造成伤害，吸收部分HP。使敌人防御力减少。","伤害量：攻击力的{[Use34Param]1%}%+{1}
吸收受到伤害的30%
使敌人防御力减少{2-1%}%",
13212,灼蛇锁炼,"<SkillTitle>[剑盾专用]</>
将前方6公尺内的敌人们拉到自己的前面，在让敌人受到伤害并暂时晕眩后，让敌人攻击自己。","伤害量：攻击力的{[Use34Param]1%}%+{1}
挑衅：8秒内将怪物的攻击集中在自己身上
使敌人晕眩2.5秒",
13213,极限防御,"<SkillTitle>[剑盾专用]</>
增加防御力且一定时间内减少被攻击目标的移动速度。","防御力增加{1-1%}%及额外增加{1-3}
在效果期间攻击的目标5秒内移动速度减慢50%
持续时间：15秒",
13221,枪舞旋风,"<SkillTitle>[枪矛，二刀流专用]</>
大力挥武器，造成伤害并击倒敌人。",@11124,
13222,剧烈风暴,"<SkillTitle>[枪，二刀流专用]</>
原地旋转的同时攻击周围。
被攻击者获得减速效果。
使用技能期间可以快速移动。","伤害量：每7次攻击，攻击力的{[Use34Param]1%}%+{1}
被攻击者在3秒内移动速度降低{2-1%}%
7秒内移动速度提高{3-1%}%",
13223,战士之舞,"<SkillTitle>[枪矛，二刀流专用]</>
自己和队伍的物理攻击力增加。","物理攻击力增加{1-1}
持续时间：40秒",
13224,狂暴之舞,"<SkillTitle>[枪矛，二刀流专用]</>
自己和队伍的攻击速度增加。","攻击速度增加{1-1%}%
持续时间：40秒",
13231,要害刺击,"<SkillTitle>[匕首专用]</>
攻击前方的敌人，让敌人受到额外的伤害及出血，部分伤害会无视防御力。","伤害量：攻击力的{[Use34Param]1%}%+{1}
无视防御力伤害量 : {2}
使敌人额外增加伤害3秒",
13232,腥血之雨,"<SkillTitle>[匕首专用]</>
攻击周围的敌人，让敌人受到额外的伤害及出血。使敌人暂时晕眩。","伤害量：攻击力的{[Use34Param]1%}%+{1}
使敌人额外增加伤害3秒，使敌人晕眩2秒",
13233,痛击之势,"<SkillTitle>[匕首专用]</>
让暴击伤害大幅提升。另外，暴击率会暂时提高为最大值。","暴击伤害增加{1-1%}%，持续时间：20秒
额外增加效果：4秒内暴击率提升为最大值",
13241,死之螯针,"<SkillTitle>[弓专用]</>
大力拉弓弦，向前方发射强力箭矢。发射的箭矢会贯穿敌人并让敌人受到强大的伤害。",@11131,
13242,晕眩箭,"<SkillTitle>[弓专用]</>
让敌人们受到伤害并暂时晕眩。",@11232,
13243,火速疾射,"<SkillTitle>[弓专用]</>
攻击速度暂时变快。","攻击速度增加{1-1%}%
持续时间：15秒",
13244,致命反击,"<SkillTitle>[弓专用]</>
暂时放弃回避，专心在攻击上。启动期间，攻击力会大幅增加。","攻击力增加{1-1}，回避减少{1-2%}%
持续时间：15秒",
13251,黑暗气息,"<SkillTitle>[魔杖专用]</>
持续向前方发射黑暗属性的火焰让敌人受到伤害。使用中可以转换火焰的方向。",伤害量：7次打击为攻击力的{[Use34Param]1%}%+{1},
13252,腐化,"<SkillTitle>[魔杖专用]</>
在前方产生腐烂地带，不断让范围内的敌人受到伤害。使敌人减少防御力和移动速度。","伤害量：5次打击为攻击力的{[Use34Param]1%}%+{1}
使敌人暂时减少防御力和移动速度",
13253,致命智慧,"<SkillTitle>[魔杖专用]</>
暂时将魔法攻击力提高到极限。","魔法攻击力增加{1-1}
持续时间：15秒",
13261,吸血鬼之吻,"<SkillTitle>[魔杖专用]</>
让前方的敌人受到伤害，队员的HP会依敌人受到的伤害量比例进行恢复。恢复目标剩余的HP越少，能恢复的HP越多。","伤害量：攻击力的{[Use34Param]1%}%+{1}
恢复量：依照恢复目标目前HP的比例，恢复敌人受到伤害量的20%~60%",
13262,血腥暴怒,"<SkillTitle>[魔杖专用]</>
向周围发射黑暗属性的冲击波，使敌人受到伤害及减速效果。受到攻击的敌人增益效果会被清除。","伤害量：攻击力的{[Use34Param]1%}%+{1}
使敌人4秒内移动速度减慢{2%}%
清除敌人的增益效果",
13263,魔力催化,"<SkillTitle>[魔杖专用]</>
在持续时间内HP不会低于一定数值以下 ，并恢复少量的HP。","HP不会低于{1-1}以下 
持续时间：5秒
HP恢复{2}",
13264,魔力催化(恢复),@13263,"魔法攻击力增加{1-1}
持续时间：20秒",
14211,猛推,"<SkillTitle>[剑盾专用]</>
大力挥武器，造成伤害，挑衅敌人让敌人攻击自己。减少对方的防御力。","伤害量：攻击力的{[Use34Param]1-1%}%+{1-1}
使敌人防御力减少{2-1%}%，挑衅：8秒内将怪物的攻击集中在自己身上",
14212,烈震闪,"<SkillTitle>[剑盾专用]</>
向下捶打地面，向周围的敌人造成伤害并晕眩敌人，被攻击者的攻击力会减少。","伤害量：攻击力的{[Use34Param]1-1%}%+{1-1}
敌人8.5秒内攻击力减少20%
敌人晕眩2.5秒",
14221,强力破击,"<SkillTitle>[枪矛，二刀流专用]</>
强烈的攻击前方，让范围内的敌人受到巨大伤害。",@11131,
14222,跳跃攻击,"<SkillTitle>[枪矛，二刀流专用]</>
跳跃到最远6公尺内的目标并攻击周围的敌人。使敌人暂时倒下无法行动。",@12222,
14223,愤怒矮人,"<SkillTitle>[枪矛，二刀流专用]</>
持续时间内攻击力增加，受到的伤害量减少。","攻击力增加{1-1}
受到的伤害量减少{1-2%}%
持续时间：15秒",
14231,刀刃乱舞,"<SkillTitle>[匕首专用]</>
向前方贯穿敌人并突击。
被贯穿的敌人对暴击变得很脆弱。","伤害量：攻击力的{[Use34Param]1%}%+{1}
使敌人10秒内暴击抵抗减少{2-1%}%",
14232,五芒星耀,"<SkillTitle>[匕首专用]</>
以五芒星的方式快速移动并攻击敌人。使敌人移动速度减慢且无法使用技能。","伤害量：攻击力的{[Use34Param]1%}% +{1}
使敌人10秒内移动速度减慢{2-1%}%
沉默5秒",
14233,寻找金币,"<SkillTitle>[匕首专用]</>
战斗时，会发现更多的金币和增加移动速度，且让攻击目标处于中毒和减速状态。","获得的金币量增加{1-1%}%，移动速度增加{1-2%}%
持续时间内使敌人受到中毒伤害，移动速度减慢
持续时间：60秒",
14241,爆射箭,"<SkillTitle>[弓专用]</>
发射能引爆火焰伤害的箭矢，造成伤害并让击倒敌人。","伤害量：攻击力的{[Use34Param]1%}%+{1}
使敌人4秒内额外增加伤害{3-1} 
击倒敌人2.5秒",
14242,回避射击,"<SkillTitle>[弓专用]</>
向后方回避3公尺，并朝前方发射3发箭矢。箭矢爆炸使敌人受到伤害，减缓敌人速度。","伤害量：攻击力的{[Use34Param]1%}%+{1}
使敌人4秒内移动速度减慢{2-1%}%
5秒内射程增加{PhyBuff:142422-1%}公尺",
14251,大地尖刺,"<SkillTitle>[魔杖专用]</>
向前方产生石柱，让范围内的敌人受到伤害并击倒敌人。","伤害量：攻击力的{[Use34Param]1%}%+{1}
击倒敌人3秒",
14252,审判碎片,"<SkillTitle>[魔杖专用]</>
向前方发射3个大地属性碎片。发射的碎片贯穿敌人并让敌人受到强大的伤害。",@11131,
14253,近身出击,"<SkillTitle>[魔杖专用]</>
找回初衷，提升自己和队伍的基本攻击的攻击力。","基本攻击的攻击力增加{1-1%}%
持续时间：30秒",
14261,圣恩加护,"<SkillTitle>[魔杖专用]</>
让自己和队员恢复HP，赋予让防御力增加的效果。","恢复量：攻击力的{[Use34Param]1%}%+{1}
10秒内队员的防御力增加{2-1}",
14262,圣恩蟹,"<SkillTitle>[魔杖专用]</>
向下捶打地面，向周围的敌人造成伤害并使他们晕眩。","伤害量：攻击力的{[Use34Param]1%}%+{1}和
每4次打击额外追加攻击力的{[Use34Param]1-3%}%+{1-3}，使敌人晕眩2.5秒",
14263,超级活力,"<SkillTitle>[魔杖专用]</>
自己和队伍的最大HP增加。","最大HP增加{1-1}
持续时间：180秒",
21001,人类的潜能,坚强的意志对敌人拥有较高的攻击力。,额外物理攻击，暴击抵抗,
21111,精通斗士武器,"<SkillTitle>[持续效果]</>
装备剑盾/枪矛/二刀流时，攻击力增加。",攻击力增加{1},
21112,精通重装甲,"<SkillTitle>[持续效果]</>
穿戴重甲系列防具时，会减少受到的伤害。该效果分别套用于4个防具。","伤害减少{1%}%
套用在头盔，盔甲，手套，长靴的防具部位",
21121,精通盗贼武器,"<SkillTitle>[持续效果]</>
装备匕首/弓时，攻击力增加。",@21111,
21122,精通轻装甲,"<SkillTitle>[持续效果]</>
穿戴轻甲系列防具时，回避率增加。该效果分别套用于4个防具。","回避率增加{1%}%
套用在头盔，盔甲，手套，长靴的防具部位",
21131,精通法师武器,"<SkillTitle>[持续效果]</>
装备魔杖时，攻击力增加。",@21111,
21132,精通长袍,"<SkillTitle>[持续效果]</>
穿戴长袍系列防具时，攻击伤害增加。该效果分别套用于4个防具。","伤害增加{1%}%
套用在头盔，盔甲，手套，长靴的防具部位",
22001,精灵的潜能,因快速的动作而拥有对敌人的高回避率。,额外增加回避，移动速度，魔法攻击力,
22111,@21111,@21111,@21111,
22112,@21112,@21112,@21112,
22121,@21121,@21121,@21111,
22122,@21122,@21122,@21122,
22131,@21131,@21131,@21111,
22132,@21132,@21132,@21132,
23001,黑暗精灵的潜能,因卓越的战斗感而拥有攻击敌人时的高暴击率。,额外增加命中率，暴击率,
23111,@21111,@21111,@21111,
23112,@21112,@21112,@21112,
23121,@21121,@21121,@21111,
23122,@21122,@21122,@21122,
23131,@21131,@21131,@21111,
23132,@21132,@21132,@21132,
24001,矮人族潜能,与生俱来的身体条件而拥有强大体力。,额外增加物理防御，最大HP,
24111,@21111,@21111,@21111,
24112,@21112,@21112,@21112,
24121,@21121,@21121,@21111,
24122,@21122,@21122,@21122,
24131,@21131,@21131,@21111,
24132,@21132,@21132,@21132,
20211,防御强化,"<SkillTitle>[持续效果]</>
增加自己和队员的防御力。位于同个区域的情况下，会自动套用效果。",防御力增加{1-1},
20212,极限憎恨,"<SkillTitle>[持续效果]</>
增加怪物对象的攻击伤害，减少被攻击伤害，增加攻击的威胁值。","怪物对象攻击伤害增加{2%}%以及受到的伤害减少{3%}%
仇恨值获得量增加{1%}%",
20221,攻击强化,"<SkillTitle>[持续效果]</>
增加自己和队员的攻击力。位于同个区域的情况下，会自动套用效果。",队员的攻击力增加{1-1},
20231,移动加速,"<SkillTitle>[持续效果]</>
增加自己和队员的移动速度。位于同个区域的情况下，会自动套用效果。",队员的移动速度增加{1-1%}%,
20241,导引,"<SkillTitle>[持续效果]</>
增加自己和队员的命中。位于同个区域的情况下，会自动套用效果。",队员的命中增加{1-1},
20251,死之呢喃,"<SkillTitle>[持续效果]</>
增加自己和队员的暴击伤害增加。位于同个区域的情况下，会自动套用效果。",队员的暴击伤害增加{1-1%}%,
20261,生命强化,"<SkillTitle>[持续效果]</>
增加自己和队员的最大HP。位于同个区域的情况下，会自动套用效果。",队员的最大HP增加{1-1},
21211,精通回避,"<SkillTitle>[持续效果]</>
遭到攻击时，会以固定机率减少受到的伤害。","盾牌防御机率{1%}%
盾牌防御时，受到的伤害减少{2%}%
防御力增加{3}",
21221,复仇,"<SkillTitle>[持续效果]</>
命中攻击时，会以固定机率发动攻击力增加的增益效果。","攻击力增加{1-1}
发动机率10%，持续时间6秒",
21222,战斗精通,"<SkillTitle>[持续效果]</>
装备戟和二刀流时，额外提高攻击力。",攻击力增加{1%}%,
21231,潜行,"<SkillTitle>[持续效果]</>
回避时以一定的机率减少冷却时间，3秒内攻击力增加。","技能冷却时间减少{1-1#}秒
3秒攻击力增加{2-1} 
发动机率10%，持续时间6秒",
21232,强化暴击,"<SkillTitle>[持续效果]</>
增加暴击率和暴击伤害。","暴击率增加{1%}% 
暴击伤害增加{2%}%",
21241,强化减速术,"<SkillTitle>[持续效果]</>
命中攻击时赋予敌人减速效果，并造成出血伤害。","对方移动速度减慢{1-1%}%
敌人出血伤害{[Use34Param]2-1%}%
发动机率10%，持续时间3秒",
21251,赤焰燃烧,@21221,@21221,
21261,圣恩连结,"<SkillTitle>[持续效果]</>
属于队伍时，会得到防御力增加效果。队伍内人数越多，效果就会增加。",每队员防御力增加{1-1%}%,
21262,魔法护盾,"<SkillTitle>[持续效果]</>
被击时的部分伤害会以MP代为消耗。",MP替代消耗伤害{1-1%}%,
22211,极限闪避,"<SkillTitle>[持续效果]</>
遭到攻击时，会以固定机率发动回避率增加的增益效果。","回避率增加{1-1%}%
发动机率15%，持续时间5秒",
22212,@21211,@21211,@21211,
22221,活跃生命,"<SkillTitle>[持续效果]</>
暴击会持续增加。",暴击机率增加{1-1%}%,
22222,@21222,@21222,@21222,
22231,快速愤怒,"<SkillTitle>[持续效果]</>
攻击时依照打击数攻击速度和移动速度会增加。","每次攻击攻击速度增加{1-1%}%
每次攻击移动速度增加{1-2%}%
持续时间5秒",
22232,会心一击,"<SkillTitle>[持续效果]</>
增加暴击。",暴击增加{1-1},
22241,扫荡,"<SkillTitle>[持续效果]</>
普通攻击的伤害增加。",普通攻击伤害增加{1%}%,
22251,寒霜符印,"<SkillTitle>[持续效果]</>
攻击移动妨碍效果的敌人时，伤害量增加。",对有移动妨碍效果的敌人攻击力增加{1%}%,
22252,圣击治愈术,"<SkillTitle>[持续效果]</>
攻击时，会以固定机率恢复少量HP。","恢复量：{1}
发动机率10%",
22261,@22211,"<SkillTitle>[持续效果]</>
回避率会持续增加。",回避率增加{1-1%}%,
23211,灵魂吸取,"<SkillTitle>[持续效果]</>
遭到攻击时，会以固定机率发动吸收HP的增益效果。","HP吸收率：赋予伤害的{1-1%}%
发动机率15%，持续时间6秒",
132132,极限防御(减速),"<SkillTitle>[剑盾专用]</>
谨慎地移动，提高防御力。","防御力增加{1-1%}%及额外增加{1-3}，在效果期间低速移动
持续时间：15秒",
23221,狂热,"<SkillTitle>[持续效果]</>
命中攻击时，会以固定机率发动暴击伤害增加的增益效果。","暴击伤害增加{1-1%}%
发动机率10%，持续时间6秒",
23222,@21222,@21222,@21222,
23231,血之渴望,"<SkillTitle>[持续效果]</>
攻击体力较低的敌人时，此敌人的防御力和暴击抵抗会减少。","攻击对象剩下的HP未满50%的情况
防御力减少{1-1%}%
暴击抵抗减少{1-3%}% ，持续时间3秒",
23232,致命威力,"<SkillTitle>[持续效果]</>
暴击伤害增加，且攻击出血状态的敌人时攻击力会增加。","暴击伤害增加{1-1%}%
对出血状态的敌人增加{2%}%攻击力",
23241,致命讯号,"<SkillTitle>[持续效果]</>
命中攻击时以固定机率发动命中率增加增益效果，并恢复少量的MP。","命中率增加{1-1%}%
恢复MP{2}
发动机率10%，持续时间6秒",
23251,@23221,@23221,@23221,
23252,@22252,"<SkillTitle>[持续效果]</>
命中攻击时，会以固定机率恢复HP。",@22252,
23261,侵略精神,"<SkillTitle>[持续效果]</>
持续赋予队员少量的吸血率。",吸血率增加{1-1%}%,
24211,生命强化,"<SkillTitle>[持续效果]</>
最大HP增加。另外，遭到攻击时，会以一定机率减少受到的伤害。","最大HP增加{3%}%，盾牌防御率{1%}%
盾牌防御时，受到的伤害减少{2%}%
防御力增加{4}",
24212,天使的礼物,"<SkillTitle>[持续效果]</>
每一定时间内可使用2次技能且HP会少量恢复。","使用技能字段发亮的技能时此技能可使用两次
恢复量 : {2}
冷却时间 : 15秒",
24221,碰撞渴望,"<SkillTitle>[持续效果]</>
命中攻击时以固定机率发动攻击力增加增益效果，并增加攻击对象。","攻击力增加{1-1}
攻击对象人数增加1名
发动机率10%，持续时间6秒",
24222,@21222,@21222,@21222,
24223,幸运狂热,"<SkillTitle>[持续效果]</>
命中攻击时，会以固定机率发动增加自己和队员攻击速度的增益效果。","攻击速度增加{1-1%}%
发动机率8%，持续时间6.5秒",
24231,@22221,@22221,@22221,
24232,幸运致命,"<SkillTitle>[持续效果]</>
暴击率增加，且攻击移动速度减慢的敌人时造成额外伤害。","暴击增加{1-1}
对移动速度减慢的敌人增加{2%}%攻击力",
24233,寻找金币(中毒),"<SkillTitle>[匕首专用]</>
战斗时，会发现更多的金币和增加移动速度，且让攻击目标处于中毒状态。","金币获得量增加{1-1%}%，移动速度增加{1-2%}%
持续时间：60秒",
142422,@14242,@14242,"伤害量：攻击力的{[Use34Param]1%}%+{1}
被攻击者4秒内移动速度降低
5秒内射程增加",
24241,特技精通,"<SkillTitle>[持续效果]</>
回避率与攻击速度会持续增加。","回避机率增加{1%}%
攻击速度增加{2%}%",
24242,幸运移动加速,"<SkillTitle>[持续效果]</>
命中攻击时，会以固定机率让敌人晕眩，并减少攻击力。",攻击成功后以10%机率使受到攻击的敌人晕眩0.5秒，攻击力减少{2-1%}%,
24251,@23261,@21221,"攻击力增加{1-1%}%
发动机率10%，持续时间6秒",
24252,幸运防御,"<SkillTitle>[持续效果]</>
命中攻击时，会以固定机率增加自己和队员的防御力。","防御力增加{1-1}
发动机率15%，持续时间6秒",
24261,防御专业,"<SkillTitle>[持续效果]</>
我军的恢复量上升。",HP恢复量增加{1-1%}%,
24262,幸运治愈术,"<SkillTitle>[持续效果]</>
遭到攻击时，会以固定机率恢复自己和队员的HP。","恢复量：{1}
发动机率15%",
30001,完美护盾,"<SkillTitle>[使用所有武器]</>
赋予保护自己的咒语。暂时减少受到的伤害，增加对无法行动效果的抵抗。","防御力增加{1-1%}%
无法行动抵抗增加{1-3%}%",
30002,敏捷的步伐,"<SkillTitle>[使用所有武器]</>
迅速移动一下子。",移动速度增加{1%}%,
30003,不灭,"<SkillTitle>[持续效果]</>
受到致命伤害时会以固定机率HP只剩下1而幸存下来。",嗯？,
30004,血之弓箭,"<SkillTitle>[使用所有武器]</>
向前方发射剑气攻击，引发出血效果。",伤害量：物理攻击力的{[Use34Param]1%}%,
30005,极光雷电之地,"<SkillTitle>[使用所有武器]</>
前方地区产生电击效果。",伤害量：魔法攻击力的{[Use34Param]1%}%,
30006,飞弹箭,"<SkillTitle>[使用所有武器]</>
通过强大的冲击波攻击目标并造成大量伤害。",伤害量：物理攻击力的{[Use34Param]1-1%}%+魔法攻击力的{[Use34Param]1-2%}%,
30007,毒虫,"<SkillTitle>[使用所有武器]</>
前方建立产生毒云和伤害的地区。在该地区内移动速度会变慢。",@30005,
30008,寒霜装甲,"<SkillTitle>[使用所有武器]</>
可于一定时间内提升防御力并向攻击对象施予减速效果。","伤害量：攻击力的1.5倍 + {[Use34Param]1}
敌人3秒内攻击力减少{4-1}",
30009,回避冲击,"<SkillTitle>[使用所有武器]</>
往后方回避，向前方发射冲击波。",@30004,
30010,魔法护盾,"<SkillTitle>[使用所有武器]</>
受伤时，有一段时间会将部分伤害以MP代替HP。",遭到攻击时受到伤害会耗损{2%}%魔力,
30011,治愈撞击,"<SkillTitle>[使用所有武器]</>
恢复自己少量的HP。",恢复量：攻击力的{[Use34Param]1%}%,
30012,陨石风暴,"<SkillTitle>[所有武器使用]</>
让前方坠落陨石，造成火焰伤害。
受到攻击的对象摔倒且持续受到伤害。","伤害量：物理攻击力的{[Use34Param]1-1%}%+魔法攻击力的{[Use34Param]1-2%}%
击倒敌人
增加3秒持续伤害",
30013,减缓时间,"<SkillTitle>[使用所有武器]</>
会于一定时间减少自己的技能冷却时间。",技能冷却时间减少{1#}秒,
30014,致命撞击,"<SkillTitle>[使用所有武器]</>
敌人处于中毒状态，于一定时间内伤害量与移动速度减慢。","伤害量：物理攻击力的 {[Use34Param]1-1%}% + 魔法攻击力的{[Use34Param]1-2%}%
5秒内额外增加持续伤害
敌人5秒内移动速度减慢{3-2%}%，伤害量减少{3-1%}%",
30015,防御地带,"<SkillTitle>[使用所有武器]</>
设立保护区后减少队员受到的伤害且自己暂时对异常状态免疫。","6秒内队员受到的伤害量减少{PhyBuff:300151-1%}%
因稀有技能受到的伤害量额外减少{PhyBuff:300151-2%}%
시전자2秒内异常状态抵抗",
31001,寒霜装甲减速测试,寒霜装甲用减速被动,移动速度减慢{2-1}%,
31002,强力破击(旧),对前方的敌人施予强大攻击。,对前方的敌人施予强大攻击。,
31003,巨型猛击(旧),@31002,@31002,
31004,@14221,强力破击,强力攻击周围的敌人。,
31005,巨型猛击,巨型猛击,@31004,
31006,@11222,怒雷风暴,@31004,
31007,神圣领域,让周围的敌人受到强大的伤害。,@31004,
31008,@30009,往后方回避，向前方发射冲击波。,@30004,
35001,@21111,@21111,,
35002,@21112,@21112,,
35003,@21121,@21121,,
35004,@21122,@21122,,
35005,@21131,@21131,,
35006,@21132,@21132,,
35011,@21211,@21211,,
35021,@21222,@21222,,
35031,@21232,@21232,,
35111,@21211,@21211,,
35121,@22221,@22221,,
35122,@21222,@21222,,
35131,@22232,@22232,,
35141,@22241,@22241,,
35151,@22251,@22251,,
35161,@22211,@22261,,
35221,@21222,@21222,,
35231,@23232,@23232,,
35311,@24211,@24211,,
35321,@21222,@21222,,
35331,@22221,@22221,,
35332,幸运宿命,@24232,,
35341,@24241,@24241,,
40001,物理攻击力,物理攻击力,魔法攻击力增加{1-1},
40002,魔法攻击力,魔法攻击力,@40001,
40003,物理攻击力增加率,物理攻击力增加率,@40001,
40004,魔法攻击力增加率,魔法攻击力增加率,@40001,
40005,普通攻击的攻击力,普通攻击的攻击力,@40001,
40006,比照队员的攻击力增加率,比照队员的攻击力增加率,@40001,
40007,攻击速度增加率,攻击速度增加率,@40001,
40008,增加暴击伤害机率,增加暴击伤害机率,@40001,
40009,暴击命中率,暴击命中率,@40001,
40010,暴击抵抗率,暴击抵抗率,@40001,
40011,物理伤害,物理伤害,@40001,
40012,魔法伤害,魔法伤害,@40001,
40013,无视防御力,无视防御力,@40001,
40014,目标的HP减少,目标的HP减少,@40001,
40015,目标的HP减少(%),目标的HP减少(%),@40001,
40016,物理防御力,物理防御力,@40001,
40017,魔法防御力,魔法防御力,@40001,
40018,物理防御力增加率,物理防御力增加率,@40001,
40019,魔法防御力增加率,魔法防御力增加率,@40001,
40020,回避,回避,@40001,
40021,回避增加率,回避增加率,@40001,
40022,回避率,回避率,@40001,
40023,命中,命中,@40001,
40024,命中增加率,命中增加率,@40001,
40025,命中率,命中率,@40001,
40026,伤害量增加率,伤害量增加率,@40001,
40027,物理伤害量增加率,物理伤害量增加率,@40001,
40028,@40027,@40027,@40001,
40029,对减速目标的伤害量增加率,对减速目标的伤害量增加率,@40001,
40030,无视防御伤害,无视防御伤害,@40001,
40031,伤害量减少率,伤害量减少率,@40001,
40032,物理伤害量减少率,物理伤害量减少率,@40001,
40033,魔法伤害量减少率,魔法伤害量减少率,@40001,
40034,减少固定伤害,减少固定伤害,@40001,
40035,推开机率,推开机率,@40001,
40036,推开伤害减少率,推开伤害减少率,@40001,
40037,持续物理伤害,持续物理伤害,@40001,
40038,持续魔法伤害,持续魔法伤害,@40001,
40039,以攻击力为基础恢复HP,以攻击力为基础恢复HP,@40001,
40040,持续伤害治愈,持续伤害治愈,@40001,
40041,威胁数值增加率,威胁数值增加率,@40001,
40042,HP回复量,HP回复量,@40001,
40043,HP吸收率,HP吸收率,@40001,
40044,HP吸收（主动吸收的技能）,HP吸收（主动吸收的技能）,@40001,
40045,HP吸收（本人或是分配给队员吸收）,HP吸收（本人或是分配给队员吸收）,@40001,
40046,最大HP,最大HP,@40001,
40047,最大HP增加率,最大HP增加率,@40001,
40048,最大MP,最大MP,@40001,
40049,最大MP增加率,最大MP增加率,@40001,
40050,移动速度增加率,移动速度增加率,@40001,
40051,MP消耗减少率,MP消耗减少率,@40001,
40052,减少MP消耗,减少MP消耗,@40001,
40053,MP回复量,MP回复量,@40001,
40054,技能冷却时间,技能冷却时间,@40001,
40055,嘲弄(仇恨值升到最大),嘲弄(仇恨值升到最大),@40001,
40056,固定目标,固定目标,@40001,
40057,移动对象,移动对象,@40001,
40058,拉近目标,拉近目标,@40001,
40059,拉近抵抗率,拉近抵抗率,@40001,
40060,击退抵抗率,击退抵抗率,@40001,
40061,经验值获得量增加率,经验值获得量增加率,@40001,
40062,金币获得量增加率,金币获得量增加率,@40001,
40063,减速抵抗率,减速抵抗率,@40001,
40064,晕眩抵抗率,晕眩抵抗率,@40001,
40065,异常状态抵抗率,异常状态抵抗率,@40001,
40066,增加技能范围,增加技能范围,@40001,
40067,增加技能击打数,增加技能击打数,@40001,
40068,增加连击到期时间,增加连击到期时间,@40001,
40069,贯穿,贯穿,@40001,
40070,韧性,韧性,@40001,
40071,暴击,暴击,@40001,
40072,暴击抵抗,暴击抵抗,@40001,
40073,暴击增加率,暴击增加率,@40001,
40074,暴击抵抗增加率,暴击抵抗增加率,@40001,
50001,羚羊,近距离攻击型怪物,,
50002,布赖卡兽人,@50001,,
50003,布赖卡兽人战士,@50001,,
50004,路行蜘蛛,@50001,,
50005,红毛熊,@50001,,
50006,胡蜂,@50001,,
50007,食人妖王,@50001,,
50008,里多蜥蜴人,@50001,,
50009,里多蜥蜴人咒术士,风属性远距离攻击，发射风发射体并赋予伤害。贯穿敌人,,
50010,里多蜥蜴人战士,@50001,,
50011,雄性蜥蜴人咒术士,火属性远距离攻击。发射火焰发射体并赋予伤害。赋予持续伤害,,
50012,雄性蜥蜴人战士,@50001,,
50013,沼泽司塔卡拓士兵,@50001,,
50014,神秘之翼,黑暗属性远距离攻击，发射黑暗发射体并赋予伤害。赋予诅咒效果，虽然是很弱的一击，却是能持续很久的持续伤害,,
50015,毒蜘蛛,@50001,,
50016,黑之圣歌团普伊玛,@50001,,
50017,撕裂者,@50001,,
50018,骷髅搜查兵,@50001,,
50019,吸血蝙蝠,@50001,,
50020,温德萨斯,@50001,,
50021,殭尸之王可罗,@50001,,
50022,黑豹,@50001,,
50023,塔诺赛勒诺斯战士,@50001,,
50024,塔诺赛勒诺斯,@50001,,
50025,豺狼巡守,@50001,,
50026,豺狼战士,@50001,,
50027,塔诺赛勒诺斯咒术士,@50009,,
50028,塔诺赛勒诺斯族长,@50001,,
50029,黑暗的骑士,@50001,,
50030,石高仑,@50001,,
50031,@11243,@50001,,
50032,梅弗尔德,@50001,,
50033,普勒摩,@50001,,
50034,罗尔卡,@50001,,
50035,曼陀罗草,@50001,,
50036,末日佣人,@50001,,
50037,赤色束缚,@50001,,
50038,涅勒卡斯,@50001,,
50039,死亡的基洛德,@50001,,
50040,黑狼,@50001,,
50041,土瑞克兽人弓兵,使用弓箭的远距离怪物的普通攻击,,
50042,土瑞克兽人王,@50001,,
50043,土瑞克兽人突击兵,@50001,,
50044,地城骷髅士兵,@50001,,
50045,骷髅神射手,@50041,,
50046,狼人,@50001,,
50047,帝芙拉蝎尾鞭,@50001,,
50048,凶暴老虎,@50001,,
50049,红毛狐狸,@50001,,
50050,眼怪监视者,@50001,,
50051,土瑞克军犬,@50001,,
50052,幼蚁,@50001,,
50053,兵蚁,@50001,,
50054,工蚁,@50001,,
50055,剧毒邪恶蜥蜴,@50001,,
50056,巨大水蛭,@50001,,
50057,撒哈拉,@50001,,
50058,雄蚁,@50001,,
50060,复活的冤魂,@50001,,
50061,执着的冤魂,@50001,,
50062,魅魔,@50001,,
50063,布赖卡兽人王,@50001,,
50064,布赖卡兽人咒术士,@50009,,
50065,匹黎姆,@50001,,
50066,黑暗的君主,@50001,,
50067,海贼殭尸,@50001,,
50068,基座原型,@50001,,
50069,阴郁恸哭,@50001,,
50070,卡倚巴奴,@50001,,
50071,海贼殭尸航海士,@50001,,
50072,海贼殭尸船长,@50001,,
50073,札肯,@50001,,
50074,史坦诺亚哥肯女王,@50001,,
50075,梅杜莎,@50001,,
50076,亚龙,@50001,,
50077,无头骑士,@50001,,
50078,尘爆,@50001,,
50079,葛雷迪斯,@50001,,
50080,里多蜥蜴人族长,@50001,,
50081,飞龙,@50001,,
50082,蘑菇孢子,@50001,,
50083,莱可,@50001,,
50084,奥尔芬,@50001,,
50085,奥尔芬的侍女,@50001,,
50086,肯特拉兽人搜索队,@50041,,
50087,奥耶豺狼,@50001,,
50088,奥耶豺狼咒术士,@50011,,
50089,奥耶豺狼战士,@50001,,
50090,血之女王,@50001,,
50091,巴力斯,@50001,,
50092,洞穴守卫,@50001,,
50093,豺狼领导者,@50001,,
50094,豺狼射手,@50041,,
50095,雄性蜥蜴人巡守,使用枪矛的远距离怪物的普通攻击,,
50096,里多蜥蜴人弓箭手,@50041,,
50097,沼泽暗杀者,@50001,,
50098,骷髅巡守,@50041,,
50099,瓦里达斯,@50001,,
50100,布赖卡兽人弓箭手,@50041,,
50101,迪克尔,@50001,,
50102,黑柳,@50001,,
50103,黑暗团体,@50014,,
50104,泰伊培伦,@50001,,
50105,白狼,@50001,,
50106,肯特拉兽人搜索队长,@50001,,
50107,肯特拉兽人百人队长,@50001,,
50108,勃洛格,@50001,,
50109,使徒,@50001,,
50110,骑士新人1,@50001,,
50111,@50110,@50001,,
50112,骑士新人2,@50001,,
50113,@50112,@50001,,
50114,骑士新人3,@50041,,
50115,骑士新人4,@50001,,
50116,@50115,@50001,,
50117,骑士新人5,@50001,,
50118,@50117,@50001,,
50119,骑士新人6,@50041,,
50120,骑士新人7,@50001,,
50121,@50120,@50001,,
50122,野外首领_说话之岛西部_堕落的精灵牧者,@50001,,
50123,野外首领_古鲁丁街道_杀人魔裘迪厄,@50001,,
50124,野外首领_古鲁丁平原_侵略君主银胡子,@50001,,
50125,野外首领_温达伍德庄园_堕落的守护灵贝帕勒,@50001,,
50126,野外首领_荒原_监视者尸罗,@50001,,
50127,野外首领_狄恩牧草地_弗里根,@50001,,
50128,野外首领_克鲁玛沼泽_沼泽统治者西斯,@50001,,
50129,野外首领_斗争的山峰_被遗忘的罗尔卡,@50001,,
50130,野外首领_奇岩自治区_史坦诺亚哥肯女王,@50001,,
50131,野外首领_死亡之雾海岸_葬仪师,@50001,,
50132,野外首领_死亡小径_玛拉斯,@50001,,
50133,野外首领_北风高原_高原之心,@50001,,
50134,野外首领_象牙塔自治区_地下贵妇(旧)玛夏,@50001,,
50140,革命军骑士（人类-戟）连击1,@2101,,
50141,革命军骑士（人类-戟）连击2,@2101,,
50142,革命军骑士（人类-戟）连击3,@2101,,
50143,革命军骑士（人类-戟）连击4,@2101,,
50144,革命军骑士（人类-戟）连击5,@2101,,
50145,革命军骑士（人类-戟）连击6,@2101,,
50146,革命军弓箭手（人类-弓箭）连击1,@5101,,
50147,革命军弓箭手（人类-弓箭）连击2,@5101,,
50148,革命军弓箭手（人类-弓箭）连击3,@5101,,
50149,革命军弓箭手（人类-弓箭）连击4,@5101,,
50150,革命军骑士（人类-剑）连击1,使用剑的基本攻击,,
50151,革命军骑士（人类-剑）连击2,@50150,,
50152,革命军骑士（人类-剑）连击3,@50150,,
50153,革命军骑士（人类-剑）连击4,@50150,,
50154,革命军骑士（人类-剑）连击5,@50150,,
50155,革命军骑士（人类-剑）连击6,@50150,,
50156,路西安魔杖连击1,@6101,,
50157,路西安魔杖连击2,@6101,,
50158,路西安魔杖连击3,@6101,,
50159,路西安魔杖连击4,@6101,,
50160,小精灵弓箭连击1,@5101,,
50161,小精灵弓箭连击2,@5101,,
50162,小精灵弓箭连击3,@5101,,
50163,小精灵弓箭连击4,@5101,,
50164,国王军骑士（人类-戟）连击1,@2101,,
50165,国王军骑士（人类-戟）连击2,@2101,,
50166,国王军骑士（人类-戟）连击3,@2101,,
50167,国王军骑士（人类-戟）连击4,@2101,,
50168,国王军骑士（人类-戟）连击5,@2101,,
50169,国王军骑士（人类-戟）连击6,@2101,,
50170,国王军弓箭手（人类-弓箭）连击1,@5101,,
50171,国王军弓箭手（人类-弓箭）连击2,@5101,,
50172,国王军弓箭手（人类-弓箭）连击3,@5101,,
50173,国王军弓箭手（人类-弓箭）连击4,@5101,,
50174,国王军骑士（人类-剑）连击1,@50150,,
50175,国王军骑士（人类-剑）连击2,@50150,,
50176,国王军骑士（人类-剑）连击3,@50150,,
50177,国王军骑士（人类-剑）连击4,@50150,,
50178,国王军骑士（人类-剑）连击5,@50150,,
50179,国王军骑士（人类-剑）连击6,@50150,,
50180,摩尔罗戟连击1,@2101,,
50181,摩尔罗戟连击2,@2101,,
50182,摩尔罗戟连击3,@2101,,
50183,摩尔罗戟连击4,@2101,,
50184,摩尔罗戟连击5,@2101,,
50185,摩尔罗戟连击6,@2101,,
50186,攻击守护塔,,,
50187,金币副本首领基本攻击,"守护金币副本的近距离攻击型金龙
拥有使用大翅膀的风攻击和强大的气攻击",,
50188,金币副本召唤怪物基本攻击,金币副本召唤怪物的基本攻击。,,
50189,巴勒卡尔罗,血盟副本首领巴勒卡尔罗的基本攻击。,,
501891,巴勒卡尔罗的创造物,血盟副本首领巴勒卡尔罗的创造物的基本攻击。,,
50190,@50187,@50187,,
50191,克拉奇亚,,,
50192,宁芙玫瑰,,,
50193,宁芙女王拉拉,,,
50194,印普,摆动翅膀跳跃后使用钥匙抽打。,,
50195,米密金,开启箱盖用舌头敲打。,,
50196,沛尔里,,,
50197,潘,,,
50198,塔踏蜥蜴人狂战士,,,
50199,塔踏蜥蜴人召唤士,,,
50200,肯特拉兽人,,,
50201,肯特拉兽人军长,,,
50202,巴勒卡斯雷鲁斯军官,,,
50203,玛夏,,,
50204,DragonPython,,,
50205,DragonBerserker,,,
50206,Karinness,,,
50207,DarkAssociation_M_High,,,
50208,Grendel_Boss,,,
50209,博德哈伍德,@50001,,
50210,ArmoredGrandis,,,
50211,EmbryonKnights,,,
50212,Grendel,,,
50213,Atrox,,,
50214,Embryon,,,
58001,ArmorMerchant_01,,,
58002,Aimel,,,
58003,Hardin,,,
58004,HardinsFallower,,,
58005,Fernel,,,
58006,CatTheCat_01,,,
58011,Resident_02_Sword,,,
58012,Resident_02_Staff,,,
58021,Resident_03,,,
58022,Resident_03_Bow,,,
58023,Resident_03_Sword,,,
58024,Resident_03_DualSword,,,
58031,Resident_04_Sword,,,
58032,Resident_04_Bow,,,
58033,Resident_04_Sword_2,,,
58034,Resident_04_Sword_3,,,
58041,Resident_05_Dagger,,,
58051,Noble_02_Staff,,,
58061,Noble_03_Sword,,,
58071,Student_Dagger,,,
58072,Student_Staff,,,
58081,Teleporter_01_Staff,,,
58091,SmeltingMerchant_01_Sword,,,
58101,Magician_Staff,,,
58111,ItemMerchant_01_Spear,,,
58121,Officer_Sword,,,
58131,WarehouseKeeper_01_Sword,,,
58141,TemplePriest_01,,,
58151,Officer_02_Spear,,,
58152,Officer_02_Spear_Skill1,,,
58153,Officer_02_Spear_Skill2,,,
58161,CityGuard_01_01_Spear,,,
58162,CityGuard_01_02_Spear,,,
58163,CityGuard_01_03_Spear,,,
58164,苏恩,,,
58165,BP_Wooldie,普通攻击,,
58166,BP_Scooldie,@58165,,
60001,@50001,强大的伤害,,
60002,@50002,@60001,,
60003,@50003,@60001,,
60004,@50004,虽然弱，但会产生可累加的持续伤害,,
60005,@50005,晕眩效果,,
60006,@50006,@60004,,
60007,@50007,@60005,,
60008,@50008,@60001,,
60009,@50010,@60001,,
60010,@50012,@60001,,
60011,@50013,@60001,,
60012,@50015,@60004,,
60013,@50016,造成伤害后，恢复自己的HP,,
60014,@50017,@60013,,
60015,@50018,@60005,,
60016,@50019,产生持续伤害,,
60017,@50020,@60001,,
60018,@50021,@60005,,
60019,@50022,@60005,,
60020,@50023,@60001,,
60021,@50024,@60001,,
60022,@50025,@60004,,
60023,@50026,@60001,,
60024,@50028,@60001,,
60025,@50029,目标的攻击力和防御力降低,,
60026,@50030,@60001,,
60027,@11243,@60025,,
60028,@50032,@60025,,
60029,@50033,@60005,,
60030,@50034,@60001,,
60031,@50035,@60004,,
60032,@50036,@60001,,
60033,@50037,@60001,,
60034,@50038,@60001,,
60035,@50040,@60016,,
60036,@50042,@60001,,
60037,@50043,@60001,,
60038,@50044,@60005,,
60039,@50046,@60016,,
60040,@50047,@60004,,
60041,@50048,@60005,,
60042,@50049,@60016,,
60043,@50050,@60025,,
60044,@50051,@60016,,
60045,@50053,@60004,,
60046,@50054,@60004,,
60047,@50055,@60005,,
60048,@50056,@60013,,
60049,@50057,@60005,,
60050,@50058,@60016,,
60051,@50060,@60001,,
60052,@50061,@60004,,
60053,@50062,@60025,,
60054,@50063,@60001,,
60055,@50065,@60001,,
60056,@50066,很弱的连续伤害,,
60057,@50067,@60001,,
60058,@50068,@60001,,
60059,@50069,@60001,,
60060,@50070,@60001,,
60061,@50071,@60001,,
60062,@50072,@60013,,
60063,@50074,@60001,,
60064,@50075,@60004,,
60065,@50076,@60016,,
60066,@50077,@60013,,
60067,@50078,@60001,,
60068,@50079,@60005,,
60069,@50080,@60001,,
60070,@50081,@60016,,
60071,@50082,@60004,,
60072,@50083,@60001,,
60073,@50085,@60004,,
60074,@50087,@60001,,
60075,@50089,@60001,,
60076,@50090,@60025,,
60077,@50091,@60025,,
60078,@50092,@60001,,
60079,@50093,@60001,,
60080,@50097,@60001,,
60081,@50098,@60013,,
60082,@50099,@60001,,
60083,@50101,@60001,,
60084,@50102,@60001,,
60085,@50106,@60001,,
60086,@50107,@60001,,
60087,@50108,@60001,,
60088,@50110,@60001,,
60089,@50112,@60001,,
60090,@50114,@50041,,
60091,@50115,@60001,,
60092,@50117,@60001,,
60093,@50119,@50041,,
60094,@50120,@60001,,
160018,@50021,@60005,,
160032,@50036,@60001,,
160033,@50037,@60001,,
160056,@50066,@60056,,
60095,@11222,"<SkillTitle>[枪矛，二刀流专用]</>
大力撞击地面向周围的敌人造成伤害和减速效果。","伤害量：攻击力的1倍 + {1}
遭到攻击者3秒内移动速度减慢和攻击速度 {2-1%}%",
50135,说话之岛巴力斯普通攻击,巴力斯基本攻击,,
60096,说话之岛戈索尔技能01,,,
60097,说话之岛戈索尔技能02,,,
50136,说话之岛奥尔比斯普通攻击,奥尔比斯基本攻击,,
60098,说话之岛卡勒佩欧斯技能01,,,
60099,说话之岛卡勒佩欧斯技能02,,,
50137,说话之岛使徒普通攻击,使徒基本攻击,,
60100,说话之岛奥尔比斯技能01,,,
50138,说话之岛统治者巴穆普通攻击,统治者巴穆基本攻击,,
60101,说话之岛统治者柏地思01,,,
60102,说话之岛统治者柏地思02,,,
60103,测试技能,,,
50139,说话之岛马夏尔普通攻击,马夏尔基本攻击,,
60104,说话之岛哈尔帕斯01,,,
60105,说话之岛哈尔帕斯02,,,
60106,鲁西恩-极大治愈术,"<SkillTitle>[魔杖专用]</>
用神圣的力量治愈自己和周围的队员们，恢复HP。",,
60107,鲁西恩-火焰狂袭,"<SkillTitle>[魔杖专用]</>
丢出火焰球让敌人受到爆炸伤害。",,
60108,小精灵-五芒星耀,"<SkillTitle>[匕首专用]</>
以星星的形象快速移动并攻击敌人，在攻击完敌人后，向周围的敌人第2次伤害。移动中受到的伤害会减少。",,
60109,小精灵-能量箭,"<SkillTitle>[弓专用]</>
发射箭矢让敌人和周围受到伤害，并让敌人暂时晕眩。",,
60110,末路-剧烈风暴,攻城新手引导首领，末路专用技能,,
60111,末路-黑暗气息,@60110,,
60112,末路-登场极光雷电之地,@60110,,
60113,葛伊撞击,"向前方敌人造成伤害并击倒敌人。
展开振翅攻击",,
60114,飞猛撞击,往下打地面，在龙的附近发动冲击波,,
60115,金色火焰气息,朝前方喷火焰攻击。,,
60116,末路-极光雷电之地,@60110,,
60117,说话之岛东部第8章首领洞穴守卫,@60001,,
60118,末路-终极防御,防御力大幅增加。,,
60121,@50078,邻近攻击型怪物(地图宝物箱),,
60122,@50078,强大的伤害(地图宝物箱),,
60123,@50192,,,
60124,@50193,,,
60125,@50193,,,
60126,@50196,,,
60127,@50197,,,
60128,@50197,,,
60129,@50198,,,
60130,@50199,,,
60131,@50200,,,
60132,@50201,,,
60135,@50201,,,
60133,@50202,,,
60134,@50202,,,
60136,骷髅追赶者(+晕眩/强化卷轴副本用),骷髅追赶者(+晕眩/强化卷轴副本用),,
60137,石高仑(+晕眩/强化滚动条复本用),石高仑(+晕眩/强化滚动条复本用),,
60138,DragonPythonBossSkill_01,,,
60139,DragonPythonSkill_01,,,
60140,DragonBerserkerBossSkill_01,,,
60141,DragonBerserkerSkill_01,,,
60142,KarinnessSkill_01,,,
60143,KarinnessBossSkill_01,,,
60144,DarkAssociation_M_HighSkill_01,,,
60145,DarkAssociation_M_HighSkill_02,,,
60146,GrendelSkill_01(Boss),,,
60147,GrendelSkill_02(Boss),,,
60148,@50030,@50001,,
60149,@50077,@50001,,
60150,@50077,@60013,,
60151,@50070,@50001,,
60152,@50070,@60001,,
60153,@50210,@60001,,
60154,@50211,@60001,,
60155,@50211,@60001,,
60156,GrendelSkill_01,@60001,,
60157,AtroxSkill_01,@60001,,
60158,Embryon_Skill_Sword_01,@60001,,
60159,Embryon_Skill_Sword_02,@60001,,
60160,VoidHoundSkill_01,@60001,,
60161,VoidHoundSkill_01(经验值副本_地狱),造成伤害并击倒,,
60162,金色火焰气息(地狱),@60115,,
60163,ValidusSkill_02(装备副本_地狱),自爆 + 泼溅 + 伤害,,
60164,KetraOrcArcher(召唤石副本_地狱),,,
71011,每日副本-马夏尔(Easy),,,
71012,@71011,"大力挥拳攻击。
>给前方的敌人强大的伤害。
+晕眩效果",,
71013,@71011,"用脚往下踩造成地面冲击并攻击敌人。
>给周围的敌人强大的伤害",,
71021,每日副本-特雷坎(Easy),,,
71022,@71021,"跳跃并往下砍，发动强烈的攻击。
>给周围的敌人非常大的伤害。",,
71023,@71021,"发出怪声进行音波攻击。
>给周围的敌人轻微的伤害。
+ 减速术",,
71031,每日副本-使徒(Easy),,,
71032,@71031,"向前方回转镰刀发动多段攻击
>给前方的敌人强大的伤害。",,
71033,@71031,"召唤周围的恶魔型怪物。
>依照副本难易度，召唤出来的怪物也会不同。
>由AI控制。",,
71041,每日副本-统治者巴穆(Easy),,,
71042,@71041,"从地下往上发射武器攻击。
>给前方的敌人普通伤害。
>被设定成越来越难躲避的技术。",,
71043,@71041,"将武器做成刀刃模样并挥舞。
>给前方的敌人强大的伤害。",,
71051,每日副本-血腥王(Easy),,,
71052,@71051,"石像头持续不断的啃咬攻击。
>给前方的敌人强大的伤害。
+出血持续伤害",,
71053,@71051,"召唤周围的丧尸型怪物。
>依照副本难易度，召唤出来的怪物也会不同。
>由AI控制。",,
71061,每日副本-奥尔比斯(Easy),,,
71062,@71061,"大力挥动前爪攻击。
>给前方的敌人轻微的伤害。
+重复出血持续伤害",,
71063,@71061,"往前方前进并用牙齿攻击。
>给前方的敌人强大的伤害。
>往玩家的方向，依照难易度一次反复攻击1~4次。",,
71071,每日副本-巴力斯(Easy),,,
71072,@71071,"朝前方喷火焰攻击。
>给前方的敌人强大的伤害。
>连续5秒不断喷射火焰。",,
71073,@71071,"在前方的地面上吐出火球，按次序爆炸攻击。
>给前方的敌人强大的伤害。
>连续3次火焰爆炸。",,
71111,每日副本-马夏尔(Normal),,,
71112,@71111,,,
71113,@71111,,,
71121,每日副本-特雷坎(Normal),,,
71122,@71121,,,
71123,@71121,,,
71131,每日副本-使徒(Normal),,,
71132,@71131,,,
71133,@71131,,,
71141,每日副本-统治者巴穆(Normal),,,
71142,@71141,,,
71143,@71141,,,
71151,每日副本-血腥王(Normal),,,
71152,@71151,,,
71153,@71151,,,
71161,每日副本-奥尔比斯(Normal),,,
71162,@71161,,,
71163,@71161,,,
71171,每日副本-巴力斯(Normal),,,
71172,@71171,,,
71173,@71171,,,
71211,每日副本-马夏尔(Hard),,,
71212,@71211,,,
71213,@71211,,,
71221,每日副本-特雷坎(Hard),,,
71222,@71221,,,
71223,@71221,,,
71231,每日副本-使徒(Hard),,,
71232,@71231,,,
71233,@71231,,,
71241,每日副本-统治者巴穆(Hard),,,
71242,@71241,,,
71243,@71241,,,
71251,每日副本-血腥王(Hard),,,
71252,@71251,,,
71253,@71251,,,
71261,每日副本-奥尔比斯(Hard),,,
71262,@71261,,,
71263,@71261,,,
71271,每日副本-巴力斯(Hard),,,
71272,@71271,,,
71273,@71271,,,
71311,每日副本-马夏尔(Very Hard),,,
71312,@71311,,,
71313,@71311,,,
71321,每日副本-特雷坎(Very Hard),,,
71322,@71321,,,
71323,@71321,,,
71331,每日副本-使徒(Very Hard),,,
71332,@71331,,,
71333,@71331,,,
71341,每日副本-统治者巴穆(Very Hard),,,
71342,@71341,,,
71343,@71341,,,
71351,每日副本-血腥王(Very Hard),,,
71352,@71351,,,
71353,@71351,,,
71361,每日副本-奥尔比斯(Very Hard),,,
71362,@71361,,,
71363,@71361,,,
71371,每日副本-巴力斯(Very Hard),,,
71372,@71371,,,
71373,@71371,,,
71411,精灵圣殿-马歇尔（地狱）,,,
71412,@71411,,,
71413,@71411,,,
71421,精灵圣殿-特莱坎（地狱）,,,
71422,@71421,,,
71423,@71421,,,
71431,精灵圣殿-使徒（地狱）,,,
71432,@71431,,,
71433,@71431,,,
71441,精灵圣殿-执政官巴武（地狱）,,,
71442,@71441,,,
71443,@71441,,,
71451,精灵圣殿-血腥君主（地狱）,,,
71452,@71451,,,
71453,@71451,,,
71461,精灵圣殿-奥比斯（地狱）,,,
71462,@71461,,,
71463,@71461,,,
71471,精灵圣殿-北风之神（地狱）,,,
71472,@71471,,,
71473,@71471,,,
72011,血盟狩猎-卡倚巴奴,3秒内肆意攻击前方，让范围内的敌人受到伤害。,,
50059,巨蚁女王,@50001,,
500591,@50059,@50001,,
72021,旋风扫堂腿,前方伤害,,巨蚁女王使用了挥前脚。
72022,猛毒攻击,前方伤害 + 持续伤害,,巨蚁女王使用了吐毒。
72023,释放贺尔蒙,圆形范围伤害 + 防御力减少 + 移动速度减慢,,巨蚁女王释放贺尔蒙
72024,挖地,隐藏 + 无敌,,巨蚁女王消失在地面上。
72025,狂暴化(巨蚁女王),自身的增益效果,,巨蚁女王陷入狂暴化了。
72026,工蚁自爆-10人,@60163,,
72027,工蚁自爆-20人,@60163,,
720271,工蚁自爆-40人,@60163,,
72028,兵蚁减速普通攻击,普通攻击 + 减速,,
72029,雄蚁-范围治愈,治愈术,,
72030,连续15秒物理攻击免疫,物理免疫,,
72121,连续20秒防御力增加,防御力上升,,
72122,巨蚁女王普通攻击强化,,,
72123,挖地-结束,,,巨蚁女王女王又出现了。
721241,工蚁增益效果0,,,
72124,工蚁增益效果1,,,
72125,工蚁增益效果2,,,
72126,工蚁增益效果3,,,
72127,工蚁增益效果4,,,
72128,工蚁增益效果5,,,
72129,工蚁增益效果6,,,
172021,旋风扫堂腿-地狱,前方伤害+晕眩,,@72021
172022,猛毒攻击-连续挥击,@72022,,@72022
172023,释放贺尔蒙-近距离,@72023,,@72023
172024,释放贺尔蒙-远距离,@72023,,@72023
172025,猛毒攻击-正面,@72022,,@72022
172026,猛毒攻击-左边,左侧伤害 + 持续伤害,,@72022
172027,猛毒攻击-右边,右侧伤害 + 持续伤害,,@72022
172028,燃放毒气,圆形范围内猛毒累加伤害,,巨蚁女王使用了燃放毒气。
172029,毒坑,圆形窄范围毒,,@72022
1720310,大型守护蚁的庇佑_1,无敌,,巨蚁女王防护罩 1
1720311,大型守护蚁的庇佑_2,@1720310,,巨蚁女王防护罩 2
1720312,大型守护蚁的庇佑_3,@1720310,,巨蚁女王防护罩 3
1720313,解除大型守护蚁的庇佑_1,驱散,,解除防护罩1
1720314,解除大型守护蚁的庇佑_2,@1720313,,解除防护罩2
1720315,大型守护蚁的庇佑_3,@1720313,,解除防护罩3
1720316,self晕眩,晕眩,,self晕眩
1720317,挖地(短晕眩),@72024,,@72024
1720318,剧毒,范围攻击,,释放剧毒
1720319,释放贺尔蒙-近距离(地底),@72023,,@72023
1720320,释放贺尔蒙-远距离(地底),@72023,,@72023
72130,挖地晕眩,范围晕眩,,
72131,工蚁自爆-5人,@60163,,
72132,束缚,范围束缚,,巨蚁女王使用了束缚。
72133,守护蚁治愈,@72029,,
72134,守护蚁治愈(fake),@72029,,
1720001,巨蚁女王(基础攻击),@50001,,
1720002,@72022,前方伤害+中毒,,@72022
1720003,@72021,前方伤害+击倒+毒水洼+中毒,,@72021
1720004,蚂蚁之怒,圆形伤害=中毒,,巨蚁女王使用了蚂蚁之怒。
1720005,@172023,圆形范围伤害+中毒+束缚,,巨蚁女王向周围释放了激素。
1720006,@172024,圈图范围伤害+中毒+束缚,,巨蚁女王远远地释放了激素。
1720007,@1720318,圆形陷阱,,
1720008,挥击前脚II,@1720003,,
1720009,狂暴化,@72025,,巨蚁女王进入狂暴化状态。
72031,血之剑气,挥剑伤害,,巴勒凯伦使用了血之剑气。
720311,血之剑气-地狱,@72031,,@72031
72032,血之庇护,对自己使用保护网,,巴勒凯伦使用的血之保护罩。
72033,血之共鸣,跳跃并用剑往下砍造成伤害及晕眩效果,,巴勒凯伦使用的血之共鸣。
72034,血之突击,将剑往前刺并瞬间突击,,
72035,血之狂暴化,狂暴化,,
720353,血之狂暴化-地狱,@72035,,
72036,血之剑气(强化),挥剑造成伤害并吸收HP,,@72031
720361,血之剑气(强化)-地狱,@72036,,@72031
72037,血之共鸣(强化),跳跃并用剑往下砍造成伤害及冲击效果,,@72033
720371,血之共鸣(强化)-地狱,@72037,,@72033
72038,血之漩涡,旋转攻击敌人,,巴勒凯伦使用了血之漩涡。
72039,召唤分身,冷却时间替换,,
72040,范围攻击(1phase),范围技能,,巴勒凯伦使用了毁灭之坑。
720401,范围攻击(2phase),@72040,,@72040
720402,范围攻击(3phase),@72040,,@72040
172031,@72031,@72031,,
172032,@72032,@72032,,
172033,@72033,@72033,,
172034,@72034,@72034,,
172035,增益效果,增益效果技能,,巴勒凯伦的创造物强化巴勒凯伦。
172036,解除增益效果,@172035,,
172038,@72038,@72038,,
720411,死亡射线（简单）,发射光线+命中时爆发,,
720412,死亡射线（普通）,@720411,,
720413,死亡射线（困难）,@720411,,
720414,死亡射线(活动用),@720411,,
72042,火焰炸裂,前方广范围的伤害,,克鲁玛核心要使用星火燎原。
720431,时间重置（简单）,恢复核心自己的HP,,克鲁玛核心使用时间重置。
720432,时间重置（普通）,@720431,,@720431
720433,时间重置（困难）,@720431,,@720431
72044,致命重力,球体爆发 + 持续伤害,,克鲁玛核心要使用致命重力。
72045,核心暴走,增加伤害 + 反射伤害,,克鲁玛核心开始暴走了。
72046,精神错乱,被小周边精神支配,,克鲁玛核心使用精神混乱。
72047,钻头攻击,周边伤害 + 晕眩,,
72048,守门人的咆哮,周边伤害 + 沉默,,
72051,简单召唤1,@72039,,克鲁玛核心召唤守护者。
72052,@72046,@72046,,@72046
72053,@72046,@72046,,@72046
72054,简单召唤2,@72039,,@72051
72055,普通召唤1,@72039,,@72051
72056,普通召唤2,@72039,,@72051
72057,普通召唤3,@72039,,@72051
72058,困难召唤1,@72039,,@72051
72059,困难召唤2,@72039,,@72051
72060,困难召唤3,@72039,,@72051
72061,活动召唤1,@72039,,监视兵器阿尔法召唤了守护者。
72062,活动召唤2,@72039,,@72061
73011,诅咒斩,"让周围的敌人受到""防御无视""伤害。",,
73012,梦靥,在随机目标的位置上产生诅咒区域。,,
73013,狂暴,攻击力和攻击速度增加,,
73041,区域狩猎-奥尔芬1,降低自己的防御力。,,
73042,区域狩猎-奥尔芬2,"在周围随机生成4个定时剧毒炸弹。
对范围内的敌人造成伤害并使敌人受到持续伤害。",,
73043,区域狩猎-奥尔芬3,提升攻击力和攻速（可叠加）,,
74011,野外首领_说话之岛西部_堕落的精灵牧者_技能01,让范围内的敌人在受到固定伤害后被击倒。,,
74012,野外首领_说话之岛西部_堕落的精灵牧者_技能02,随机选择周围一位敌人并造成大量伤害。,,
74021,野外首领_古鲁丁街道_杀人魔裘迪厄_技能01,让位于首领前方的角色受到高度伤害和状态异常（出血）。,,
74022,野外首领_古鲁丁街道_杀人魔裘迪厄_技能02,每秒恢复自身HP%。,,
74031,野外首领_古鲁丁平原_侵略君主银胡子_技能01,受到范围伤害。,,
74032,野外首领_古鲁丁平原_侵略君主银胡子_技能02,以%为单位连续用非持续伤害消耗遭到攻击者的HP。,,
74041,野外首领_温达伍德庄园_堕落的守护灵贝帕勒_技能01,周围敌人范围伤害,,
74042,野外首领_温达伍德庄园_堕落的守护灵贝帕勒_技能02,随机对范围内的敌人处于火焰状态,,
74051,野外首领_荒原_监视者尸罗_技能01,毒板,,
74052,野外首领_荒原_监视者尸罗_技能02,伤害,,
74061,野外首领_狄恩牧草地_弗里根_技能01,随机向3人中的一人发射闪电球体,,
74062,野外首领_狄恩牧草地_弗里根_技能02,随机向5人中的一位做雷击攻击,,
74071,野外首领_克鲁玛沼泽_沼泽的统治者西斯_技能01,随机在3人的脚下设置毒板,,
74072,野外首领_克鲁玛沼泽_沼泽的统治者西斯_技能02,攻击周围的敌人并造成减速,,
74081,野外首领_斗争的山峰_被遗忘的罗尔卡_技能01,攻击前方的敌人并击倒敌人,,
74082,野外首领_斗争的山峰_被遗忘的罗尔卡_技能02_01,自己的能力值增加,,
74083,野外首领_斗争的山峰_被遗忘的罗尔卡_技能02_02,@74082,,
74084,野外首领_斗争的山峰_被遗忘的罗尔卡_技能02_03,@74082,,
74085,野外首领_斗争的山峰_被遗忘的罗尔卡_技能02_无限制,自己的能力值增加_到死为止,,
74091,区域首领_奇岩领地_亚哥肯女王斯特诺雅_技能01,让随机的目标石化,,史坦诺亚施展石化之眼
74092,区域首领_奇岩领地_亚哥肯女王斯特诺雅_技能02,范围伤害,,史坦诺亚施展女王甩尾
74093,区域首领_奇岩领地_亚哥肯女王斯特诺雅_技能03,物理防御增益,,史坦诺亚施展鳞片强化，强化了物理防御力。
74094,区域首领_奇岩领地_亚哥肯女王斯特诺雅_技能04,魔法防御增益,,史坦诺亚施展鳞片强化，强化了魔法防御力。
74101,区域首领_死雾海岸_葬仪师_技能01,往前方发射剑气并造成伤害,,
74102,区域首领_死雾海岸_葬仪师_技能02,往前突进攻击,,
74111,区域首领_亡灵小径_马洛斯_技能01,攻击随机两名目标,,
74112,区域首领_亡灵小径_马洛斯_技能02,@74092,,
74113,区域首领_亡灵小径_马洛斯_技能01_石拳,石拳,,
74114,区域首领_亡灵小径_马洛斯_技能02_魔鬼飞踢,魔鬼飞踢,,
74115,区域首领_亡灵小径_马洛斯_技能03_死亡焰火,死亡焰火,,
74116,区域首领_亡灵小径_马洛斯_技能04_恶魔咆哮,恶魔咆哮,,马洛斯使用恶魔咆哮。
74117,区域首领_亡灵小径_马洛斯_技能04_01_疲劳,疲劳,,
74118,区域首领_亡灵小径_马洛斯_普通攻击,普通攻击,,
74119,区域首领_亡灵小径_马洛斯_恶魔图腾叠加增益,叠加增益,,
74120,区域首领_亡灵小径_马洛斯_恶魔图腾火球,火球,,
741161,@74120,@74117,,
74121,区域首领_朔风高原_高原之心_技能01,@74092,,
74122,区域首领_朔风高原_高原之心_技能02,@74092,,
74131,区域首领_象牙塔自治区_地底贵妇玛夏（旧）_技能01,@74092,,
74132,区域首领_象牙塔自治区_地底贵妇玛夏（旧）_技能02,@74092,,
74133,区域首领_象牙塔自治区_地底贵妇玛夏（旧）_技能03,自己脚下的毒板,,
74134,玛夏: 诱惑之旋风,,,玛夏使用诱惑旋风。
74135,玛夏: 刀锋狂风,,,玛夏使用刀刃之风。
74136,@74135,,,
74137,玛夏:召唤,@72039,,玛夏召唤手下
75016,@50016,@50001,,
75017,@50017,@50001,,
75018,@50018,@50001,,
75019,@50209,@50001,,
75029,@50029,@50001,,
75038,@50038,@50001,,
75044,@50044,@50001,,
75045,@50045,使用弓箭的远距离怪物,,
75060,@50060,@50001,,
75061,@50061,@50001,,
75066,@50066,@50001,,
75098,@50098,@75045,,
76001,@50001,@50001,,
76002,@50002,@50001,,
76003,@50003,@50001,,
76004,@50004,@50001,,
76005,@50005,@50001,,
76006,@50006,@50001,,
76007,@50007,@50001,,
76008,@50008,@50001,,
76009,@50009,水属性远距离攻击。发射冰发射体并赋予伤害赋予减速,,
76010,@50010,@50001,,
76011,@50011,@50011,,
76012,@50012,@50001,,
76013,@50013,@50001,,
76014,@50014,@50014,,
76015,@50015,@50001,,
76016,@50016,@50001,,
76017,@50017,@50001,,
76018,@50018,@50001,,
76019,@50019,@50001,,
76020,@50020,@50001,,
76021,@50021,@50001,,
76022,@50022,@50001,,
76023,@50023,@50001,,
76024,@50024,@50001,,
76025,@50025,@50001,,
76026,@50026,@50001,,
76027,@50027,@50009,,
76028,@50028,@50001,,
76029,@50029,@50001,,
76030,@50030,@50001,,
76031,@11243,@50001,,
76032,@50032,@50001,,
76033,@50033,@50001,,
76034,@50034,@50001,,
76035,@50035,@50001,,
76036,@50036,@50001,,
76037,@50037,@50001,,
76038,@50038,@50001,,
76039,@50039,@50001,,
76040,@50040,@50001,,
76041,@50041,@50041,,
76042,@50042,@50001,,
76043,@50043,@50001,,
76044,@50044,@50001,,
76045,@50045,@50041,,
76046,@50046,@50001,,
76047,@50047,@50001,,
76048,@50048,@50001,,
76049,@50049,@50001,,
76050,@50050,@50001,,
76051,@50051,@50001,,
76052,@50052,@50001,,
76053,@50053,@50001,,
76054,@50054,@50001,,
76055,@50055,@50001,,
76056,@50056,@50001,,
76057,@50057,@50001,,
76058,@50058,@50001,,
76059,@50059,@50001,,
76060,@50060,@50001,,
76061,@50061,@50001,,
76062,@50062,@50001,,
76063,@50063,@50001,,
76064,@50064,@50009,,
76065,@50065,@50001,,
76066,@50066,@50001,,
76067,@50067,@50001,,
76068,@50068,@50001,,
76069,@50069,@50001,,
76070,@50070,@50001,,
76071,@50071,@50001,,
76072,@50072,@50001,,
76073,@50073,@50001,,
76074,@50074,@50001,,
76075,@50075,@50001,,
76076,@50076,@50001,,
76077,@50077,@50001,,
76078,@50078,@50001,,
76079,@50079,@50001,,
76080,@50080,@50001,,
76081,@50081,@50001,,
76082,@50082,@50001,,
76083,@50083,@50001,,
76084,@50084,@50001,,
76085,@50085,@50001,,
76086,@50086,@50041,,
76087,@50087,@50001,,
76088,@50088,@50011,,
76089,@50089,@50001,,
76090,@50090,@50001,,
76091,@50091,@50001,,
76092,@50092,@50001,,
76093,@50093,@50001,,
76094,@50094,@50041,,
76095,@50095,@50095,,
76096,@50096,@50041,,
76097,@50097,@50001,,
76098,@50098,@50001,,
76099,@50099,@50001,,
76100,@50100,@50041,,
76101,@50101,@50001,,
76102,@50102,@50001,,
76103,@50103,@50014,,
76104,@50104,@50001,,
76105,@50105,@50001,,
77001,@50001,@60001,,
77002,@50002,@60001,,
77003,@50003,@60001,,
77004,@50004,@60004,,
77005,@50005,@60005,,
77006,@50006,@60004,,
77007,@50007,@60005,,
77008,@50008,@60001,,
77009,@50010,@60001,,
77010,@50012,@60001,,
77011,@50013,@60001,,
77012,@50015,@60004,,
77013,@50016,@60013,,
77014,@50017,@60013,,
77015,@50018,@60005,,
77016,@50019,@60016,,
77017,@50020,@60001,,
77018,@50021,@60005,,
77019,@50022,@60005,,
77020,@50023,@60001,,
77021,@50024,@60001,,
77022,@50025,@60004,,
77023,@50026,@60001,,
77024,@50028,@60001,,
77025,@50029,@60025,,
77026,@50030,@60001,,
77027,@11243,@60025,,
77028,@50032,@60025,,
77029,@50033,@60005,,
77030,@50034,@60001,,
77031,@50035,@60004,,
77032,@50036,@60001,,
77033,@50037,@60001,,
77034,@50038,@60001,,
77035,@50040,@60016,,
77036,@50042,@60001,,
77037,@50043,@60001,,
77038,@50044,@60005,,
77039,@50046,@60016,,
77040,@50047,@60004,,
77041,@50048,@60005,,
77042,@50049,@60016,,
77043,@50050,@60025,,
77044,@50051,@60016,,
77045,@50053,@60004,,
77046,@50054,@60004,,
77047,@50055,@60005,,
77048,@50056,@60013,,
77049,@50057,@60005,,
77050,@50058,@60016,,
77051,@50060,@60001,,
77052,@50061,@60004,,
77053,@50062,@60025,,
77054,@50063,@60001,,
77055,@50065,@60001,,
77056,@50066,@60056,,
77057,@50067,@60001,,
77058,@50068,@60001,,
77059,@50069,@60001,,
77060,@50070,@60001,,
77061,@50071,@60001,,
77062,@50072,@60013,,
77063,@50074,@60001,,
77064,@50075,@60004,,
77065,@50076,@60016,,
77066,@50077,@60013,,
77067,@50078,@60001,,
77068,@50079,@60005,,
77069,@50080,@60001,,
77070,@50081,@60016,,
77071,@50082,@60004,,
77072,@50083,@60001,,
77073,@50085,@60004,,
77074,@50087,@60001,,
77075,@50089,@60001,,
77076,@50090,@60025,,
77077,@50091,@60025,,
77078,@50092,@60001,,
77079,@50093,@60001,,
77080,@50097,@60001,,
77081,@50098,@60013,,
77082,@50099,@60001,,
77083,@50101,@60001,,
77084,@50102,@60001,,
77085,区域狩猎-札肯1,对周围的敌人造成伤害。,,
77086,区域狩猎-札肯2,随机向远处的敌人发射贯穿的剑气。,,
77087,区域狩猎-札肯3,对周围敌人造成伤害的同时恢复自身生命。,,
80001,防御塔攻击基本,,,
80002,陷阱攻击基本,,,
80003,陷阱攻击1,,,
80004,陷阱攻击2,,,
80005,陷阱攻击3,,,
80006,陷阱攻击4,,,
80007,陷阱攻击5,,,
80008,要塞防御塔攻击基本,,,
80009,攻城基地攻击基本,,,
90002,NPC普通攻击,,,
90003,CrakiaKarcus攻击,,,
100001,血盟健壮,1小时内增加最大HP。,最大HP + {1-1%}%,
100002,血盟之魂,1小时内增加最大MP。,最大MP + {1-1%}%,
100003,血盟保护盾,1小时内防御力增加。,防御力 + {1-1%}%,
100004,血盟力量强化,1小时内增加攻击力。,攻击力 + {1-1%}%,
100005,血盟导引,1小时内增加命中。,命中 + {1-1%}%,
100006,血盟躲避,1小时内增加回避。,回避 + {1-1%}%,
100007,血盟行动力,1小时内增加移动速度。,移动速度 + {1-1%}%,
100008,血盟暴击伤害,1小时内增加暴击伤害。,增加暴击损伤 + {1-1%}%,
100009,血盟暴击率,1小时内增加暴击率。,暴击 + {1-1%}%,
500001,爱尔德鲁的愤怒,1小时内增加攻击力，防御力，移动速度，攻击速度。,攻击防御以快制快,
900001,傲慢之塔首领展示用,呵,,
905602,振奋士气效果,持续套用振奋士气药水的效果,,
905604,暴风雪效果,持续套用暴风雪药水的效果,,
905607,大幅恢复HP量效果,持续套用大幅恢复HP量药水的效果,,
905612,MP减少效果,持续套用消灭MP药水的效果,,
906002,名誉战场,HP回复,,
301,拉泰尔洛柏斯特的祝福,移动速度增加,,
302,@301,采集速度增加,,
303,@301,采集量增加,,
304,强壮拉泰尔,不会发动攻击的温驯怪物。消灭后提供增益效果。,,
305,庭院守护者,庭院守护者首次现身时使用的技能,,
306,庭院守护者效应,庭院守护者周期性使用的技能,,
401,恢复之泉,恢复之泉首次现身时使用的技能,,
402,恢复之泉增益效果,恢复之泉周期性使用的技能,,
451,攻城战外城门很坚固,攻城战的外城门只会受到1的伤害,,
601,佩勒奈self晕眩,被攻击后暂时受到晕眩。,晕眩,
602,野外首领展示用晕眩,暂时晕眩,,
701,烟花特效动画数据1,烟花1,,
702,烟花特效动画数据2,烟花2,,
703,烟花特效动画数据3,烟花3,,
704,烟花特效动画数据4,烟花4,,
150001,BP_Aimel_Attack_Sword,,,
150002,@150001,,,
150003,@150001,,,
150101,BP_ArmorMerchant_01_Attack_Spear,,,
150102,@150101,,,
150103,@150101,,,
150104,@150101,,,
150201,BP_CityGuard_01_Attack_Spear,,,
150202,@150201,,,
150203,@150201,,,
150301,BP_Fernel_Attack_DualSword,,,
150302,@150301,,,
150303,@150301,,,
150401,BP_Hardin_Attack_NoWeapon,,,
150402,@150401,,,
150501,BP_HardinsFollower_Attack_Staff,,,
150502,@150501,,,
150503,@150501,,,
150601,BP_ItemMerchant_01_Attack_Spear,,,
150602,@150601,,,
150603,@150601,,,
150701,BP_Magician_Attack_Staff,,,
150702,@150701,,,
150703,@150701,,,
150801,BP_Noble_02_Attack_Staff,,,
150802,@150801,,,
150803,@150801,,,
150901,BP_Noble_03_Attack_Sword,,,
150902,@150901,,,
150903,@150901,,,
151001,BP_Officer_Attack_Sword,,,
151002,@151001,,,
151003,@151001,,,
151101,BP_Officer_02_Attack_Spear,,,
151102,@151101,,,
151103,@151101,,,
151201,BP_Resident_02_Attack_Staff,,,
151202,@151201,,,
151203,@151201,,,
151204,BP_Resident_02_Attack_Sword,,,
151205,@151204,,,
151206,@151204,,,
151301,BP_Resident_03_Attack_NoWeapon,,,
151302,@151301,,,
151303,BP_Resident_03_Attack_Sword,,,
151304,@151303,,,
151305,@151303,,,
151306,BP_Resident_03_Attack_Bow,,,
151307,@151306,,,
151308,BP_Resident_03_Attack_DualSword,,,
151309,@151308,,,
151310,@151308,,,
151401,BP_Resident_04_Attack_Sword,,,
151402,@151401,,,
151403,@151401,,,
151404,BP_Resident_04_Attack_Bow,,,
151405,@151404,,,
151501,BP_Resident_05_Attack_Dagger,,,
151502,@151501,,,
151503,@151501,,,
151601,BP_SmeltingMerchant_Attack_Sword,,,
151602,@151601,,,
151603,@151601,,,
151604,BP_SmeltingMerchant_Attack_Bow,,,
151605,@151604,,,
151701,BP_student_Attack_Dagger,,,
151702,@151701,,,
151703,@151701,,,
151704,BP_student_Attack_Staff,,,
151705,@151704,,,
151706,@151704,,,
151801,BP_Teleporter_01_Attack_Staff,,,
151802,@151801,,,
151803,@151801,,,
151901,BP_TemplePriest_01_Attack_NoWeapon,,,
151902,@151901,,,
152001,BP_WarehouseKeeper_Attack_Sword,,,
152002,@152001,,,
152003,@152001,,,
152101,BP_CatTheCat_Attack,,,
152102,DarkAssociation,,,
152103,UnKnown_Male,,,
153001,BP_Maid_01_Attack_DualSword,,,
153002,@153001,,,
153003,@153001,,,
200001,减少怪物伤害被动,,,
210001,增加怪物伤害被动,,,
8010441,附近伤害光晕,,,
8010461,战士之队,,,
801047,休里戈增益效果,,,
801048,@801047,,,
93506,食人妖狂暴化,攻击力，防御力，大幅上升，移动速度，攻击速度微幅上升,,
94409,戴蒙契约者狂暴化,@93506,,
94407,肯特拉兽人搜索队(召唤石副本专用),@50041,,
805000,队伍副本首领范围技能(Circle),随着圆变大而加重伤害,,
805001,队伍副本首领范围技能(Fan),随着半径变大而加重伤害,,
805002,队伍副本首领范围技能(Obb),随前方范围扩大而加重伤害,,
805003,队伍副本首领范围技能(Donut),随着多纳的最小，最大同时增加而加重伤害,,
805004,血之剑气测试用,@72031,,@72031
170001,雷纳德,基本攻击,,
411001,特里夏,@170001,,
411002,@170001,@170001,,
411005,断绝,"扇形范围即时伤害
赋予[出血]",,
411006,采佩什之枪：先前,"一击即杀+圈图范围即时伤害
赋予[出血]",,
411007,采佩什之枪：后续,"圈图范围即时伤害
赋予[出血]",,
411008,血爆,"赋予[出血]对象效果
给[出血]对象造成即时伤害
解除[出血]对象的[出血]效果",,
411009,召唤血团,使[出血]对象自爆召唤怪物,,
411010,贫血,"赋予自身[眩晕]效果
所受伤害量增加",,
411011,生命掠夺,赋予敌人[生命掠夺]效果,,
411012,自爆,@60163,,
411015,生命转移,恢复特里夏的生命及消除减益,,
411016,透明化,治愈后不可见,,
411017,吸血蝙蝠群,"直线即时伤害
消除[吸血鬼化]",,
411018,血之转换,"扇形范围即时伤害
赋予[吸血鬼化]",,
411019,血之十字架：第1次,"十字架范围即时伤害
赋予[吸血鬼化]",,
411020,血之十字架：第2次,@411019,,
411021,补血,"消失
召唤15只吸血蝙蝠",,
411022,合体,出现,,
411025,粘稠的水蛭津液,在任意位置生成地面物体,,
411028,吸血鬼化形,消除[生命掠夺]效果,,使用吸血鬼的血液化形，摆脱生命掠夺效果。
411036,激愤1阶段,只剩5只蝙蝠时狂暴化,,
411037,激愤2阶段,只剩4只蝙蝠时狂暴化,,
411038,激愤3阶段,只剩3只蝙蝠时狂暴化,,
411042,采佩什之枪：先前-连锁,@411006,,
412005,@411005,@411005,,
412006,@411006,@411006,,
412007,@411007,@411007,,
412008,@411008,@411008,,
412009,@411009,@411009,,
412010,@411010,@411010,,
412011,@411011,@411011,,
412012,@411012,@60163,,
412015,@411015,@411015,,
412016,@411016,@411016,,
412017,@411017,@411017,,
412018,@411018,@411018,,
412019,@411019,@411019,,
412020,@411020,@411019,,
412021,@411021,@411021,,
412022,@411022,@411022,,
412025,@411025,@411025,,
412028,@411028,@411028,,@411028
412036,@411036,@411036,,
412037,@411037,@411037,,
412038,@411038,@411038,,
412042,@411042,@411006,,
413002,盛怒之血,赋予友军攻击力，攻击速度提升增益,,
413003,过度冲击,击倒前方对象并造成伤害,,
413005,@411005,@411005,,
413006,@411006,@411006,,
413007,@411007,@411007,,
413008,@411008,@411008,,
413009,@411009,@411009,,
413010,@411010,@411010,,
413011,@411011,@411011,,
413012,@411012,自爆 + 泼溅 + 伤害 + 范围攻击,,
413013,剧毒指甲,"扇形范围即时伤害
赋予[腐蚀酸液]",,
413015,@411015,@411015,,
413016,@411016,@411016,,
413017,@411017,@411017,,
413018,@411018,@411018,,
413019,@411019,@411019,,
413020,@411020,@411019,,
413021,@411021,@411021,,
413022,@411022,@411022,,
413023,血之洪流：海浪,以自身为中心生成地面物体,,
413024,血之洪流：爆发,以自己为中心多纳爆发,,
413025,@411025,@411025,,
413027,血团灼热,血块自爆剩余时间标示,,
413028,@411028,@411028,,@411028
413029,消除特莉萨的减益效果,死亡时消除特莉萨的1累加减益效果,,
413030,幻影札肯：隐匿,札肯的幻影召唤札肯,,
413032,血团基本攻击,,,
413034,水蛭过饱和：颜色增益,水质颜色增益,,
413035,幻影札肯：无敌,幻影札肯的无敌效果,,
413036,@411036,@411036,,
413037,@411037,@411037,,
413038,@411038,@411038,,
413039,沸腾之血,自爆时在任意位置生成地面物体,,
413040,札肯透明化,战斗结束后透明化,,
413041,血之地狱：贫血,自身的生命降低5%,,
413042,@411042,@411006,,
414002,@413002,@413002,,
414003,@413003,@413003,,
414005,@411005,@411005,,
414006,@411006,@411006,,
414007,@411007,@411007,,
414008,@411008,@411008,,
414009,@411009,@411009,,
414010,@411010,@411010,,
414011,@411011,@411011,,
414012,@411012,@413012,,
414013,@413013,@413013,,
414015,@411015,@411015,,
414016,@411016,@411016,,
414017,@411017,@411017,,
414018,@411018,@411018,,
414019,@411019,@411019,,
414020,@411020,@411019,,
414021,@411021,@411021,,
414022,@411022,@411022,,
414023,@413023,@413023,,
414024,@413024,@413024,,
414025,@411025,@411025,,
414028,@411028,@411028,,@411028
414036,@411036,@411036,,
414037,@411037,@411037,,
414038,@411038,@411038,,
414039,@413039,@413039,,
414041,@413041,@413041,,
414042,@411042,@411006,,
414043,特纳透明增益,,,
414044,女爵用札肯基础攻击,札肯玩家一击即杀用,,
414045,吸血鬼共鸣,札肯现身时狂暴化,,
401001,亲卫队普通攻击,@74118,,
401002,亲卫队长普通攻击,@74118,,
401003,策略斩,扇形即时伤害,,
401004,警卫兵普通攻击,@74118,,
401005,高仑普通攻击,@74118,,
401006,击石,"1人即时伤害
一定概率赋予[眩晕]",,
401007,弓箭手普通攻击,远程普通攻击,,
401008,投掷炸弹,在范围内随机位置造成大范围伤害,,
401009,警卫兵Rage,rage增益额外技能,,
401010,兽人巫师的灵魂动画,灵魂动画用技能,,
401011,陨石水晶死亡技能,持续时间结束后死亡的技能,,
401012,陨石水晶拉莫格狂暴化,持续赋予拉莫格狂暴化,,
401016,@411012,"接近对象自爆
造成周围圆形范围伤害",,
401013,自爆计时,计时标记连接增益用技能,,
401014,自爆时间用1秒,核对时间用技能,,
401015,自爆时间用3秒,@401014,,
401019,普通攻击,@74118,,
401024,烈焰地带,接触对象伤害,,生成烈焰地带。
401025,@401019,@74118,,
403002,警备射击,直线范围伤害,,
401101,大地强击,扇形伤害,,伏兰塔使用了大地强击。
401103,瞄准目标,"1人远程即时伤害
赋予[靶子]效果",,伏兰塔选择了目标。
401104,投斧,"直线范围伤害
向[靶子]对象使用
对随机1人赋予[火种]效果（简单）",,伏兰塔即将对所选目标投掷斧子。
401105,@401104,"直线范围伤害
向[靶子]对象使用
对随机1人赋予[火种]效果（普通）",,@401104
401106,@401104,"直线范围伤害
向[靶子]对象使用
对随机1人赋予[火种]效果（困难）",,@401104
401107,@401104,@401106,,@401104
401108,@401104,"直线范围伤害
向[靶子]对象使用
对随机1人赋予[火种]效果（地狱）",,@401104
401113,@401104,@401108,,@401104
401102,火种爆炸1,圆形狭窄范围GO,,
401109,火种爆炸2,@401102,,
401110,召唤伏兰塔部下1阶段呐喊,召唤前用于喊出台词的普通攻击,,
401111,召唤伏兰塔部下2阶段呐喊,@401110,,
401112,召唤伏兰塔部下3阶段呐喊,@401110,,
401201,帕格立欧任务动画死亡,任务动画用技能,,魔法之力即将强化帕格立欧的火种！
401202,疯狂之剑,,,
401203,破灭,连续使用的破灭,,
401204,中央移动（爆炸倒计时）,,,拉莫格即将向中央移动。
401205,爆炸倒计时,,,
401207,中央移动（破灭）,,,@401204
401210,帕格立欧大爆炸,"接近拉莫格时造成大范围伤害
给[破灭]效果目标总成额外伤害",,帕格立欧的火种即将大爆炸！
401216,中央移动（狂暴化）,,,拉莫格为聚力而移动。
401217,狂暴倒计时,中央移动后暂时等待直至狂暴化,,帕格立欧的气息从拉莫格身上扩散开来！
401218,自体眩晕,破坏陨石水晶后自体眩晕,,拉莫格即将脱力。
401211,拉莫格狂暴化,生命低于10%狂暴化,,
401212,@401203,正向第一次发动的破灭：攻击延迟较长,,
401213,破灭：逆,逆向第一次发动的破灭：攻击延迟较长,,
401214,光灭,正向回归第一次发动的破灭：攻击延迟较长,,
401215,光灭：逆,逆向回归第一次发动的破灭：攻击延迟较长,,
990001,披风装备效果-重置普通技能Lv1,,,
990002,披风装备效果-重置普通技能Lv2,,,
990003,披风装备效果-重置普通技能Lv3,,,
990004,披风装备效果-重置普通技能Lv4,,,
990005,披风装备效果-重置普通技能Lv5,,,
990006,披风装备效果-重置普通技能Lv6,,,
990007,披风装备效果-重置普通技能Lv7,,,
990008,披风装备效果-重置普通技能Lv8,,,
990009,披风装备效果-重置普通技能Lv9,,,
990010,披风装备效果-重置普通技能Lv10,,,
990011,披风装备效果-重置普通技能Lv11,,,
990012,披风装备效果-重置普通技能Lv12,,,
990013,披风装备效果-重置普通技能Lv13,,,
990014,披风装备效果-重置普通技能Lv14,,,
990015,披风装备效果-重置普通技能Lv15,,,
990016,披风装备效果-重置普通技能Lv16,,,
990017,披风装备效果-重置普通技能Lv17,,,
990018,披风装备效果-重置普通技能Lv18,,,
990019,披风装备效果-重置普通技能Lv19,,,
990020,披风装备效果-重置普通技能Lv20,,,
990021,披风装备效果-重置普通技能Lv21,,,
990022,披风装备效果-重置普通技能Lv22,,,
990023,披风装备效果-重置普通技能Lv23,,,
990024,披风装备效果-重置普通技能Lv24,,,
990025,披风装备效果-重置普通技能Lv25,,,
990026,披风装备效果-重置普通技能Lv26,,,
990027,披风装备效果-重置普通技能Lv27,,,
990028,披风装备效果-重置普通技能Lv28,,,
990029,披风装备效果-重置普通技能Lv29,,,
990030,披风装备效果-重置普通技能Lv30,,,
990101,披风装备效果-未定Lv1,,,
990102,披风装备效果-未定Lv2,,,
990103,披风装备效果-未定Lv3,,,
990104,披风装备效果-未定Lv4,,,
990105,披风装备效果-未定Lv5,,,
990106,披风装备效果-未定Lv6,,,
990107,披风装备效果-未定Lv7,,,
990108,披风装备效果-未定Lv8,,,
990109,披风装备效果-未定Lv9,,,
990110,披风装备效果-未定Lv10,,,
990111,披风装备效果-未定Lv11,,,
990112,披风装备效果-未定Lv12,,,
990113,披风装备效果-未定Lv13,,,
990114,披风装备效果-未定Lv14,,,
990115,披风装备效果-未定Lv15,,,
990116,披风装备效果-未定Lv16,,,
990117,披风装备效果-未定Lv17,,,
990118,披风装备效果-未定Lv18,,,
990119,披风装备效果-未定Lv19,,,
990120,披风装备效果-未定Lv20,,,
990121,披风装备效果-未定Lv21,,,
990122,披风装备效果-未定Lv22,,,
990123,披风装备效果-未定Lv23,,,
990124,披风装备效果-未定Lv24,,,
990125,披风装备效果-未定Lv25,,,
990126,披风装备效果-未定Lv26,,,
990127,披风装备效果-未定Lv27,,,
990128,披风装备效果-未定Lv28,,,
990129,披风装备效果-未定Lv29,,,
990130,披风装备效果-未定Lv30,,,
990201,披风装备效果-PVE攻击免疫护盾Lv1,,,
990202,披风装备效果-PVE攻击免疫护盾Lv2,,,
990203,披风装备效果-PVE攻击免疫护盾Lv3,,,
990204,披风装备效果-PVE攻击免疫护盾Lv4,,,
990205,披风装备效果-PVE攻击免疫护盾Lv5,,,
990206,披风装备效果-PVE攻击免疫护盾Lv6,,,
990207,披风装备效果-PVE攻击免疫护盾Lv7,,,
990208,披风装备效果-PVE攻击免疫护盾Lv8,,,
990209,披风装备效果-PVE攻击免疫护盾Lv9,,,
990210,披风装备效果-PVE攻击免疫护盾Lv10,,,
990211,披风装备效果-PVE攻击免疫护盾Lv11,,,
990212,披风装备效果-PVE攻击免疫护盾Lv12,,,
990213,披风装备效果-PVE攻击免疫护盾Lv13,,,
990214,披风装备效果-PVE攻击免疫护盾Lv14,,,
990215,披风装备效果-PVE攻击免疫护盾Lv15,,,
990216,披风装备效果-PVE攻击免疫护盾Lv16,,,
990217,披风装备效果-PVE攻击免疫护盾Lv17,,,
990218,披风装备效果-PVE攻击免疫护盾Lv18,,,
990219,披风装备效果-PVE攻击免疫护盾Lv19,,,
990220,披风装备效果-PVE攻击免疫护盾Lv20,,,
990221,披风装备效果-PVE攻击免疫护盾Lv21,,,
990222,披风装备效果-PVE攻击免疫护盾Lv22,,,
990223,披风装备效果-PVE攻击免疫护盾Lv23,,,
990224,披风装备效果-PVE攻击免疫护盾Lv24,,,
990225,披风装备效果-PVE攻击免疫护盾Lv25,,,
990226,披风装备效果-PVE攻击免疫护盾Lv26,,,
990227,披风装备效果-PVE攻击免疫护盾Lv27,,,
990228,披风装备效果-PVE攻击免疫护盾Lv28,,,
990229,披风装备效果-PVE攻击免疫护盾Lv29,,,
990230,披风装备效果-PVE攻击免疫护盾Lv30,,,
990301,披风装备效果-PVP稀有技能护盾Lv1,,,
990302,披风装备效果-PVP稀有技能护盾Lv2,,,
990303,披风装备效果-PVP稀有技能护盾Lv3,,,
990304,披风装备效果-PVP稀有技能护盾Lv4,,,
990305,披风装备效果-PVP稀有技能护盾Lv5,,,
990306,披风装备效果-PVP稀有技能护盾Lv6,,,
990307,披风装备效果-PVP稀有技能护盾Lv7,,,
990308,披风装备效果-PVP稀有技能护盾Lv8,,,
990309,披风装备效果-PVP稀有技能护盾Lv9,,,
990310,披风装备效果-PVP稀有技能护盾Lv10,,,
990311,披风装备效果-PVP稀有技能护盾Lv11,,,
990312,披风装备效果-PVP稀有技能护盾Lv12,,,
990313,披风装备效果-PVP稀有技能护盾Lv13,,,
990314,披风装备效果-PVP稀有技能护盾Lv14,,,
990315,披风装备效果-PVP稀有技能护盾Lv15,,,
990316,披风装备效果-PVP稀有技能护盾Lv16,,,
990317,披风装备效果-PVP稀有技能护盾Lv17,,,
990318,披风装备效果-PVP稀有技能护盾Lv18,,,
990319,披风装备效果-PVP稀有技能护盾Lv19,,,
990320,披风装备效果-PVP稀有技能护盾Lv20,,,
990321,披风装备效果-PVP稀有技能护盾Lv21,,,
990322,披风装备效果-PVP稀有技能护盾Lv22,,,
990323,披风装备效果-PVP稀有技能护盾Lv23,,,
990324,披风装备效果-PVP稀有技能护盾Lv24,,,
990325,披风装备效果-PVP稀有技能护盾Lv25,,,
990326,披风装备效果-PVP稀有技能护盾Lv26,,,
990327,披风装备效果-PVP稀有技能护盾Lv27,,,
990328,披风装备效果-PVP稀有技能护盾Lv28,,,
990329,披风装备效果-PVP稀有技能护盾Lv29,,,
990330,披风装备效果-PVP稀有技能护盾Lv30,,,
500661,@50066,活动用精魄召唤兽怪物,,
500291,@50029,@500661,,
501911,@50191,@500661,,
73020,@50073,@50001,,
73021,波涛,,,
73022,邀请,,,
73023,@73022,,,
73024,回归,,,
73025,移动动作,移动动作,,
73026,吸血,吸血,,
73027,前往,前往,,
73028,隐藏,隐藏,,
73029,前往1号船,,,
73030,前往2号船,,,
73031,释放-本体,,,
73127,释放-1阶段,,,
73128,释放-2阶段,,,
73129,释放-3阶段,,,
73130,释放-4阶段,,,
73131,释放-5阶段,,,
73132,幻影自杀,自杀,,
73121,夜晚1阶段,,,
73122,夜晚2阶段,,,
73123,夜晚3阶段,,,
73124,夜晚4阶段,,,
73125,夜晚5阶段,,,
73126,夜晚6阶段,,,
73134,发射大炮(动画),,,
73135,发射大炮(实际),,,
73136,札肯海盗团战士,,,
73137,札肯海盗团水手,,,
73138,札肯海盗团领航员,,,
73139,札肯海盗团船长,,,
73140,札肯海盗团战士(陷阱),,,
73141,来历不明的触手攻击01,,,
73142,来历不明的触手攻击02,,,
73143,来历不明的触手攻击03,,,
73144,来历不明的触手攻击04,,,
73145,来历不明的触手召唤攻击,,,
73146,老鼠-透明,,,
73147,老鼠-回归,,,
